year,cast,movie_link,poster_link
(1994),"Frank Darabont (dir.), Tim Robbins, Morgan Freeman",https://www.imdb.com/title/tt0111161/,"https://m.media-amazon.com/images/M/MV5BMDFkYTc0MGEtZmNhMC00ZDIzLWFmNTEtODM1ZmRlYWMwMWFmXkEyXkFqcGdeQXVyMTMxODk2OTU@._V1_UY67_CR0,0,45,67_AL_.jpg"
(1972),"Francis Ford Coppola (dir.), Marlon Brando, Al Pacino",https://www.imdb.com/title/tt0068646/,"https://m.media-amazon.com/images/M/MV5BM2MyNjYxNmUtYTAwNi00MTYxLWJmNWYtYzZlODY3ZTk3OTFlXkEyXkFqcGdeQXVyNzkwMjQ5NzM@._V1_UY67_CR1,0,45,67_AL_.jpg"
(2008),"Christopher Nolan (dir.), Christian Bale, Heath Ledger",https://www.imdb.com/title/tt0468569/,"https://m.media-amazon.com/images/M/MV5BMTMxNTMwODM0NF5BMl5BanBnXkFtZTcwODAyMTk2Mw@@._V1_UY67_CR0,0,45,67_AL_.jpg"
(1974),"Francis Ford Coppola (dir.), Al Pacino, Robert De Niro",https://www.imdb.com/title/tt0071562/,"https://m.media-amazon.com/images/M/MV5BMWMwMGQzZTItY2JlNC00OWZiLWIyMDctNDk2ZDQ2YjRjMWQ0XkEyXkFqcGdeQXVyNzkwMjQ5NzM@._V1_UY67_CR1,0,45,67_AL_.jpg"
(1957),"Sidney Lumet (dir.), Henry Fonda, Lee J. Cobb",https://www.imdb.com/title/tt0050083/,"https://m.media-amazon.com/images/M/MV5BMWU4N2FjNzYtNTVkNC00NzQ0LTg0MjAtYTJlMjFhNGUxZDFmXkEyXkFqcGdeQXVyNjc1NTYyMjg@._V1_UX45_CR0,0,45,67_AL_.jpg"
(1993),"Steven Spielberg (dir.), Liam Neeson, Ralph Fiennes",https://www.imdb.com/title/tt0108052/,"https://m.media-amazon.com/images/M/MV5BNDE4OTMxMTctNmRhYy00NWE2LTg3YzItYTk3M2UwOTU5Njg4XkEyXkFqcGdeQXVyNjU0OTQ0OTY@._V1_UX45_CR0,0,45,67_AL_.jpg"
(2003),"Peter Jackson (dir.), Elijah Wood, Viggo Mortensen",https://www.imdb.com/title/tt0167260/,"https://m.media-amazon.com/images/M/MV5BNzA5ZDNlZWMtM2NhNS00NDJjLTk4NDItYTRmY2EwMWZlMTY3XkEyXkFqcGdeQXVyNzkwMjQ5NzM@._V1_UY67_CR0,0,45,67_AL_.jpg"
(1994),"Quentin Tarantino (dir.), John Travolta, Uma Thurman",https://www.imdb.com/title/tt0110912/,"https://m.media-amazon.com/images/M/MV5BNGNhMDIzZTUtNTBlZi00MTRlLWFjM2ItYzViMjE3YzI5MjljXkEyXkFqcGdeQXVyNzkwMjQ5NzM@._V1_UY67_CR0,0,45,67_AL_.jpg"
(2001),"Peter Jackson (dir.), Elijah Wood, Ian McKellen",https://www.imdb.com/title/tt0120737/,"https://m.media-amazon.com/images/M/MV5BN2EyZjM3NzUtNWUzMi00MTgxLWI0NTctMzY4M2VlOTdjZWRiXkEyXkFqcGdeQXVyNDUzOTQ5MjY@._V1_UY67_CR0,0,45,67_AL_.jpg"
(1966),"Sergio Leone (dir.), Clint Eastwood, Eli Wallach",https://www.imdb.com/title/tt0060196/,"https://m.media-amazon.com/images/M/MV5BNjJlYmNkZGItM2NhYy00MjlmLTk5NmQtNjg1NmM2ODU4OTMwXkEyXkFqcGdeQXVyMjUzOTY1NTc@._V1_UX45_CR0,0,45,67_AL_.jpg"
(1994),"Robert Zemeckis (dir.), Tom Hanks, Robin Wright",https://www.imdb.com/title/tt0109830/,"https://m.media-amazon.com/images/M/MV5BNWIwODRlZTUtY2U3ZS00Yzg1LWJhNzYtMmZiYmEyNmU1NjMzXkEyXkFqcGdeQXVyMTQxNzMzNDI@._V1_UY67_CR0,0,45,67_AL_.jpg"
(1999),"David Fincher (dir.), Brad Pitt, Edward Norton",https://www.imdb.com/title/tt0137523/,"https://m.media-amazon.com/images/M/MV5BNDIzNDU0YzEtYzE5Ni00ZjlkLTk5ZjgtNjM3NWE4YzA3Nzk3XkEyXkFqcGdeQXVyMjUzOTY1NTc@._V1_UY67_CR0,0,45,67_AL_.jpg"
(2002),"Peter Jackson (dir.), Elijah Wood, Ian McKellen",https://www.imdb.com/title/tt0167261/,"https://m.media-amazon.com/images/M/MV5BZGMxZTdjZmYtMmE2Ni00ZTdkLWI5NTgtNjlmMjBiNzU2MmI5XkEyXkFqcGdeQXVyNjU0OTQ0OTY@._V1_UX45_CR0,0,45,67_AL_.jpg"
(2010),"Christopher Nolan (dir.), Leonardo DiCaprio, Joseph Gordon-Levitt",https://www.imdb.com/title/tt1375666/,"https://m.media-amazon.com/images/M/MV5BMjAxMzY3NjcxNF5BMl5BanBnXkFtZTcwNTI5OTM0Mw@@._V1_UY67_CR0,0,45,67_AL_.jpg"
(1980),"Irvin Kershner (dir.), Mark Hamill, Harrison Ford",https://www.imdb.com/title/tt0080684/,"https://m.media-amazon.com/images/M/MV5BYmU1NDRjNDgtMzhiMi00NjZmLTg5NGItZDNiZjU5NTU4OTE0XkEyXkFqcGdeQXVyNzkwMjQ5NzM@._V1_UX45_CR0,0,45,67_AL_.jpg"
(1999),"Lana Wachowski (dir.), Keanu Reeves, Laurence Fishburne",https://www.imdb.com/title/tt0133093/,"https://m.media-amazon.com/images/M/MV5BNzQzOTk3OTAtNDQ0Zi00ZTVkLWI0MTEtMDllZjNkYzNjNTc4L2ltYWdlXkEyXkFqcGdeQXVyNjU0OTQ0OTY@._V1_UX45_CR0,0,45,67_AL_.jpg"
(1990),"Martin Scorsese (dir.), Robert De Niro, Ray Liotta",https://www.imdb.com/title/tt0099685/,"https://m.media-amazon.com/images/M/MV5BY2NkZjEzMDgtN2RjYy00YzM1LWI4ZmQtMjIwYjFjNmI3ZGEwXkEyXkFqcGdeQXVyNzkwMjQ5NzM@._V1_UX45_CR0,0,45,67_AL_.jpg"
(1975),"Milos Forman (dir.), Jack Nicholson, Louise Fletcher",https://www.imdb.com/title/tt0073486/,"https://m.media-amazon.com/images/M/MV5BZjA0OWVhOTAtYWQxNi00YzNhLWI4ZjYtNjFjZTEyYjJlNDVlL2ltYWdlL2ltYWdlXkEyXkFqcGdeQXVyMTQxNzMzNDI@._V1_UY67_CR0,0,45,67_AL_.jpg"
(1995),"David Fincher (dir.), Morgan Freeman, Brad Pitt",https://www.imdb.com/title/tt0114369/,"https://m.media-amazon.com/images/M/MV5BOTUwODM5MTctZjczMi00OTk4LTg3NWUtNmVhMTAzNTNjYjcyXkEyXkFqcGdeQXVyNjU0OTQ0OTY@._V1_UX45_CR0,0,45,67_AL_.jpg"
(1954),"Akira Kurosawa (dir.), Toshirô Mifune, Takashi Shimura",https://www.imdb.com/title/tt0047478/,"https://m.media-amazon.com/images/M/MV5BNWQ3OTM4ZGItMWEwZi00MjI5LWI3YzgtNTYwNWRkNmIzMGI5XkEyXkFqcGdeQXVyNDY2MTk1ODk@._V1_UY67_CR1,0,45,67_AL_.jpg"
(1946),"Frank Capra (dir.), James Stewart, Donna Reed",https://www.imdb.com/title/tt0038650/,"https://m.media-amazon.com/images/M/MV5BZjc4NDZhZWMtNGEzYS00ZWU2LThlM2ItNTA0YzQ0OTExMTE2XkEyXkFqcGdeQXVyNjUwMzI2NzU@._V1_UY67_CR0,0,45,67_AL_.jpg"
(1991),"Jonathan Demme (dir.), Jodie Foster, Anthony Hopkins",https://www.imdb.com/title/tt0102926/,"https://m.media-amazon.com/images/M/MV5BNjNhZTk0ZmEtNjJhMi00YzFlLWE1MmEtYzM1M2ZmMGMwMTU4XkEyXkFqcGdeQXVyNjU0OTQ0OTY@._V1_UY67_CR0,0,45,67_AL_.jpg"
(2002),"Fernando Meirelles (dir.), Alexandre Rodrigues, Leandro Firmino",https://www.imdb.com/title/tt0317248/,"https://m.media-amazon.com/images/M/MV5BOTMwYjc5ZmItYTFjZC00ZGQ3LTlkNTMtMjZiNTZlMWQzNzI5XkEyXkFqcGdeQXVyNzkwMjQ5NzM@._V1_UX45_CR0,0,45,67_AL_.jpg"
(1998),"Steven Spielberg (dir.), Tom Hanks, Matt Damon",https://www.imdb.com/title/tt0120815/,"https://m.media-amazon.com/images/M/MV5BZjhkMDM4MWItZTVjOC00ZDRhLThmYTAtM2I5NzBmNmNlMzI1XkEyXkFqcGdeQXVyNDYyMDk5MTU@._V1_UY67_CR0,0,45,67_AL_.jpg"
(1997),"Roberto Benigni (dir.), Roberto Benigni, Nicoletta Braschi",https://www.imdb.com/title/tt0118799/,"https://m.media-amazon.com/images/M/MV5BYmJmM2Q4NmMtYThmNC00ZjRlLWEyZmItZTIwOTBlZDQ3NTQ1XkEyXkFqcGdeQXVyMTQxNzMzNDI@._V1_UX45_CR0,0,45,67_AL_.jpg"
(2014),"Christopher Nolan (dir.), Matthew McConaughey, Anne Hathaway",https://www.imdb.com/title/tt0816692/,"https://m.media-amazon.com/images/M/MV5BZjdkOTU3MDktN2IxOS00OGEyLWFmMjktY2FiMmZkNWIyODZiXkEyXkFqcGdeQXVyMTMxODk2OTU@._V1_UY67_CR0,0,45,67_AL_.jpg"
(1999),"Frank Darabont (dir.), Tom Hanks, Michael Clarke Duncan",https://www.imdb.com/title/tt0120689/,"https://m.media-amazon.com/images/M/MV5BMTUxMzQyNjA5MF5BMl5BanBnXkFtZTYwOTU2NTY3._V1_UY67_CR0,0,45,67_AL_.jpg"
(1977),"George Lucas (dir.), Mark Hamill, Harrison Ford",https://www.imdb.com/title/tt0076759/,"https://m.media-amazon.com/images/M/MV5BOTA5NjhiOTAtZWM0ZC00MWNhLThiMzEtZDFkOTk2OTU1ZDJkXkEyXkFqcGdeQXVyMTA4NDI1NTQx._V1_UX45_CR0,0,45,67_AL_.jpg"
(1991),"James Cameron (dir.), Arnold Schwarzenegger, Linda Hamilton",https://www.imdb.com/title/tt0103064/,"https://m.media-amazon.com/images/M/MV5BMGU2NzRmZjUtOGUxYS00ZjdjLWEwZWItY2NlM2JhNjkxNTFmXkEyXkFqcGdeQXVyNjU0OTQ0OTY@._V1_UY67_CR0,0,45,67_AL_.jpg"
(1985),"Robert Zemeckis (dir.), Michael J. Fox, Christopher Lloyd",https://www.imdb.com/title/tt0088763/,"https://m.media-amazon.com/images/M/MV5BZmU0M2Y1OGUtZjIxNi00ZjBkLTg1MjgtOWIyNThiZWIwYjRiXkEyXkFqcGdeQXVyMTQxNzMzNDI@._V1_UX45_CR0,0,45,67_AL_.jpg"
(2001),"Hayao Miyazaki (dir.), Daveigh Chase, Suzanne Pleshette",https://www.imdb.com/title/tt0245429/,"https://m.media-amazon.com/images/M/MV5BMjlmZmI5MDctNDE2YS00YWE0LWE5ZWItZDBhYWQ0NTcxNWRhXkEyXkFqcGdeQXVyMTMxODk2OTU@._V1_UY67_CR0,0,45,67_AL_.jpg"
(1960),"Alfred Hitchcock (dir.), Anthony Perkins, Janet Leigh",https://www.imdb.com/title/tt0054215/,"https://m.media-amazon.com/images/M/MV5BNTQwNDM1YzItNDAxZC00NWY2LTk0M2UtNDIwNWI5OGUyNWUxXkEyXkFqcGdeQXVyNzkwMjQ5NzM@._V1_UY67_CR0,0,45,67_AL_.jpg"
(2002),"Roman Polanski (dir.), Adrien Brody, Thomas Kretschmann",https://www.imdb.com/title/tt0253474/,"https://m.media-amazon.com/images/M/MV5BOWRiZDIxZjktMTA1NC00MDQ2LWEzMjUtMTliZmY3NjQ3ODJiXkEyXkFqcGdeQXVyNjU0OTQ0OTY@._V1_UY67_CR2,0,45,67_AL_.jpg"
(2019),"Bong Joon Ho (dir.), Song Kang-ho, Lee Sun-kyun",https://www.imdb.com/title/tt6751668/,"https://m.media-amazon.com/images/M/MV5BYWZjMjk3ZTItODQ2ZC00NTY5LWE0ZDYtZTI3MjcwN2Q5NTVkXkEyXkFqcGdeQXVyODk4OTc3MTY@._V1_UY67_CR0,0,45,67_AL_.jpg"
(1994),"Luc Besson (dir.), Jean Reno, Gary Oldman",https://www.imdb.com/title/tt0110413/,"https://m.media-amazon.com/images/M/MV5BOTgyMWQ0ZWUtN2Q2MS00NmY0LWI3OWMtNjFkMzZlNDZjNTk0XkEyXkFqcGdeQXVyMjUzOTY1NTc@._V1_UX45_CR0,0,45,67_AL_.jpg"
(1994),"Roger Allers (dir.), Matthew Broderick, Jeremy Irons",https://www.imdb.com/title/tt0110357/,"https://m.media-amazon.com/images/M/MV5BYTYxNGMyZTYtMjE3MS00MzNjLWFjNmYtMDk3N2FmM2JiM2M1XkEyXkFqcGdeQXVyNjY5NDU4NzI@._V1_UY67_CR0,0,45,67_AL_.jpg"
(2000),"Ridley Scott (dir.), Russell Crowe, Joaquin Phoenix",https://www.imdb.com/title/tt0172495/,"https://m.media-amazon.com/images/M/MV5BMDliMmNhNDEtODUyOS00MjNlLTgxODEtN2U3NzIxMGVkZTA1L2ltYWdlXkEyXkFqcGdeQXVyNjU0OTQ0OTY@._V1_UY67_CR0,0,45,67_AL_.jpg"
(1998),"Tony Kaye (dir.), Edward Norton, Edward Furlong",https://www.imdb.com/title/tt0120586/,"https://m.media-amazon.com/images/M/MV5BZTJhN2FkYWEtMGI0My00YWM4LWI2MjAtM2UwNjY4MTI2ZTQyXkEyXkFqcGdeQXVyNjc3MjQzNTI@._V1_UY67_CR0,0,45,67_AL_.jpg"
(2006),"Martin Scorsese (dir.), Leonardo DiCaprio, Matt Damon",https://www.imdb.com/title/tt0407887/,"https://m.media-amazon.com/images/M/MV5BMTI1MTY2OTIxNV5BMl5BanBnXkFtZTYwNjQ4NjY3._V1_UY67_CR0,0,45,67_AL_.jpg"
(1995),"Bryan Singer (dir.), Kevin Spacey, Gabriel Byrne",https://www.imdb.com/title/tt0114814/,"https://m.media-amazon.com/images/M/MV5BYTViNjMyNmUtNDFkNC00ZDRlLThmMDUtZDU2YWE4NGI2ZjVmXkEyXkFqcGdeQXVyNjU0OTQ0OTY@._V1_UX45_CR0,0,45,67_AL_.jpg"
(2006),"Christopher Nolan (dir.), Christian Bale, Hugh Jackman",https://www.imdb.com/title/tt0482571/,"https://m.media-amazon.com/images/M/MV5BMjA4NDI0MTIxNF5BMl5BanBnXkFtZTYwNTM0MzY2._V1_UY67_CR0,0,45,67_AL_.jpg"
(2014),"Damien Chazelle (dir.), Miles Teller, J.K. Simmons",https://www.imdb.com/title/tt2582802/,"https://m.media-amazon.com/images/M/MV5BOTA5NDZlZGUtMjAxOS00YTRkLTkwYmMtYWQ0NWEwZDZiNjEzXkEyXkFqcGdeQXVyMTMxODk2OTU@._V1_UY67_CR0,0,45,67_AL_.jpg"
(1942),"Michael Curtiz (dir.), Humphrey Bogart, Ingrid Bergman",https://www.imdb.com/title/tt0034583/,"https://m.media-amazon.com/images/M/MV5BY2IzZGY2YmEtYzljNS00NTM5LTgwMzUtMzM1NjQ4NGI0OTk0XkEyXkFqcGdeQXVyNDYyMDk5MTU@._V1_UX45_CR0,0,45,67_AL_.jpg"
(1962),"Masaki Kobayashi (dir.), Tatsuya Nakadai, Akira Ishihama",https://www.imdb.com/title/tt0056058/,"https://m.media-amazon.com/images/M/MV5BYjBmYTQ1NjItZWU5MS00YjI0LTg2OTYtYmFkN2JkMmNiNWVkXkEyXkFqcGdeQXVyMTMxMTY0OTQ@._V1_UY67_CR2,0,45,67_AL_.jpg"
(2011),"Olivier Nakache (dir.), François Cluzet, Omar Sy",https://www.imdb.com/title/tt1675434/,"https://m.media-amazon.com/images/M/MV5BMTYxNDA3MDQwNl5BMl5BanBnXkFtZTcwNTU4Mzc1Nw@@._V1_UY67_CR0,0,45,67_AL_.jpg"
(1988),"Isao Takahata (dir.), Tsutomu Tatsumi, Ayano Shiraishi",https://www.imdb.com/title/tt0095327/,"https://m.media-amazon.com/images/M/MV5BZmY2NjUzNDQtNTgxNC00M2Q4LTljOWQtMjNjNDBjNWUxNmJlXkEyXkFqcGdeQXVyNTA4NzY1MzY@._V1_UX45_CR0,0,45,67_AL_.jpg"
(1936),"Charles Chaplin (dir.), Charles Chaplin, Paulette Goddard",https://www.imdb.com/title/tt0027977/,"https://m.media-amazon.com/images/M/MV5BYjJiZjMzYzktNjU0NS00OTkxLWEwYzItYzdhYWJjN2QzMTRlL2ltYWdlL2ltYWdlXkEyXkFqcGdeQXVyNjU0OTQ0OTY@._V1_UX45_CR0,0,45,67_AL_.jpg"
(1968),"Sergio Leone (dir.), Henry Fonda, Charles Bronson",https://www.imdb.com/title/tt0064116/,"https://m.media-amazon.com/images/M/MV5BODQ3NDExOGYtMzI3Mi00NWRlLTkwNjAtNjc4MDgzZGJiZTA1XkEyXkFqcGdeQXVyMjUzOTY1NTc@._V1_UX45_CR0,0,45,67_AL_.jpg"
(1954),"Alfred Hitchcock (dir.), James Stewart, Grace Kelly",https://www.imdb.com/title/tt0047396/,"https://m.media-amazon.com/images/M/MV5BNGUxYWM3M2MtMGM3Mi00ZmRiLWE0NGQtZjE5ODI2OTJhNTU0XkEyXkFqcGdeQXVyMTQxNzMzNDI@._V1_UY67_CR0,0,45,67_AL_.jpg"
(1979),"Ridley Scott (dir.), Sigourney Weaver, Tom Skerritt",https://www.imdb.com/title/tt0078748/,"https://m.media-amazon.com/images/M/MV5BOGQzZTBjMjQtOTVmMS00NGE5LWEyYmMtOGQ1ZGZjNmRkYjFhXkEyXkFqcGdeQXVyMjUzOTY1NTc@._V1_UX45_CR0,0,45,67_AL_.jpg"
(1931),"Charles Chaplin (dir.), Charles Chaplin, Virginia Cherrill",https://www.imdb.com/title/tt0021749/,"https://m.media-amazon.com/images/M/MV5BY2I4MmM1N2EtM2YzOS00OWUzLTkzYzctNDc5NDg2N2IyODJmXkEyXkFqcGdeQXVyNzkwMjQ5NzM@._V1_UX45_CR0,0,45,67_AL_.jpg"
(1988),"Giuseppe Tornatore (dir.), Philippe Noiret, Enzo Cannavale",https://www.imdb.com/title/tt0095765/,"https://m.media-amazon.com/images/M/MV5BM2FhYjEyYmYtMDI1Yy00YTdlLWI2NWQtYmEzNzAxOGY1NjY2XkEyXkFqcGdeQXVyNTA3NTIyNDg@._V1_UY67_CR0,0,45,67_AL_.jpg"
(1979),"Francis Ford Coppola (dir.), Martin Sheen, Marlon Brando",https://www.imdb.com/title/tt0078788/,"https://m.media-amazon.com/images/M/MV5BYmQyNTA1ZGItNjZjMi00NzFlLWEzMWEtNWMwN2Q2MjJhYzEyXkEyXkFqcGdeQXVyMjUzOTY1NTc@._V1_UX45_CR0,0,45,67_AL_.jpg"
(2000),"Christopher Nolan (dir.), Guy Pearce, Carrie-Anne Moss",https://www.imdb.com/title/tt0209144/,"https://m.media-amazon.com/images/M/MV5BZTcyNjk1MjgtOWI3Mi00YzQwLWI5MTktMzY4ZmI2NDAyNzYzXkEyXkFqcGdeQXVyNjU0OTQ0OTY@._V1_UY67_CR0,0,45,67_AL_.jpg"
(1981),"Steven Spielberg (dir.), Harrison Ford, Karen Allen",https://www.imdb.com/title/tt0082971/,"https://m.media-amazon.com/images/M/MV5BNTU2ODkyY2MtMjU1NC00NjE1LWEzYjgtMWQ3MzRhMTE0NDc0XkEyXkFqcGdeQXVyMjM4MzQ4OTQ@._V1_UY67_CR0,0,45,67_AL_.jpg"
(2012),"Quentin Tarantino (dir.), Jamie Foxx, Christoph Waltz",https://www.imdb.com/title/tt1853728/,"https://m.media-amazon.com/images/M/MV5BMjIyNTQ5NjQ1OV5BMl5BanBnXkFtZTcwODg1MDU4OA@@._V1_UY67_CR0,0,45,67_AL_.jpg"
(2008),"Andrew Stanton (dir.), Ben Burtt, Elissa Knight",https://www.imdb.com/title/tt0910970/,"https://m.media-amazon.com/images/M/MV5BMjExMTg5OTU0NF5BMl5BanBnXkFtZTcwMjMxMzMzMw@@._V1_UY67_CR0,0,45,67_AL_.jpg"
(2006),"Florian Henckel von Donnersmarck (dir.), Ulrich Mühe, Martina Gedeck",https://www.imdb.com/title/tt0405094/,"https://m.media-amazon.com/images/M/MV5BNmQyNmJjM2ItNTQzYi00ZjMxLWFjMDYtZjUyN2YwZDk5YWQ2XkEyXkFqcGdeQXVyMjUzOTY1NTc@._V1_UX45_CR0,0,45,67_AL_.jpg"
(1950),"Billy Wilder (dir.), William Holden, Gloria Swanson",https://www.imdb.com/title/tt0043014/,"https://m.media-amazon.com/images/M/MV5BMTU0NTkyNzYwMF5BMl5BanBnXkFtZTgwMDU0NDk5MTI@._V1_UX45_CR0,0,45,67_AL_.jpg"
(1957),"Stanley Kubrick (dir.), Kirk Douglas, Ralph Meeker",https://www.imdb.com/title/tt0050825/,"https://m.media-amazon.com/images/M/MV5BOTI5Nzc0OTMtYzBkMS00NjkxLThmM2UtNjM2ODgxN2M5NjNkXkEyXkFqcGdeQXVyNjQ2MjQ5NzM@._V1_UX45_CR0,0,45,67_AL_.jpg"
(1940),"Charles Chaplin (dir.), Charles Chaplin, Paulette Goddard",https://www.imdb.com/title/tt0032553/,"https://m.media-amazon.com/images/M/MV5BMmExYWJjNTktNGUyZS00ODhmLTkxYzAtNWIzOGEyMGNiMmUwXkEyXkFqcGdeQXVyNjU0OTQ0OTY@._V1_UY67_CR0,0,45,67_AL_.jpg"
(1980),"Stanley Kubrick (dir.), Jack Nicholson, Shelley Duvall",https://www.imdb.com/title/tt0081505/,"https://m.media-amazon.com/images/M/MV5BZWFlYmY2MGEtZjVkYS00YzU4LTg0YjQtYzY1ZGE3NTA5NGQxXkEyXkFqcGdeQXVyMTQxNzMzNDI@._V1_UX45_CR0,0,45,67_AL_.jpg"
(2018),"Anthony Russo (dir.), Robert Downey Jr., Chris Hemsworth",https://www.imdb.com/title/tt4154756/,"https://m.media-amazon.com/images/M/MV5BMjMxNjY2MDU1OV5BMl5BanBnXkFtZTgwNzY1MTUwNTM@._V1_UY67_CR0,0,45,67_AL_.jpg"
(1957),"Billy Wilder (dir.), Tyrone Power, Marlene Dietrich",https://www.imdb.com/title/tt0051201/,"https://m.media-amazon.com/images/M/MV5BNDQwODU5OWYtNDcyNi00MDQ1LThiOGMtZDkwNWJiM2Y3MDg0XkEyXkFqcGdeQXVyMDI2NDg0NQ@@._V1_UX45_CR0,0,45,67_AL_.jpg"
(1986),"James Cameron (dir.), Sigourney Weaver, Michael Biehn",https://www.imdb.com/title/tt0090605/,"https://m.media-amazon.com/images/M/MV5BZGU2OGY5ZTYtMWNhYy00NjZiLWI0NjUtZmNhY2JhNDRmODU3XkEyXkFqcGdeQXVyNzkwMjQ5NzM@._V1_UX45_CR0,0,45,67_AL_.jpg"
(2018),"Bob Persichetti (dir.), Shameik Moore, Jake Johnson",https://www.imdb.com/title/tt4633694/,"https://m.media-amazon.com/images/M/MV5BMjMwNDkxMTgzOF5BMl5BanBnXkFtZTgwNTkwNTQ3NjM@._V1_UY67_CR0,0,45,67_AL_.jpg"
(1999),"Sam Mendes (dir.), Kevin Spacey, Annette Bening",https://www.imdb.com/title/tt0169547/,"https://m.media-amazon.com/images/M/MV5BNTBmZWJkNjctNDhiNC00MGE2LWEwOTctZTk5OGVhMWMyNmVhXkEyXkFqcGdeQXVyMTMxODk2OTU@._V1_UY67_CR0,0,45,67_AL_.jpg"
(1964),"Stanley Kubrick (dir.), Peter Sellers, George C. Scott",https://www.imdb.com/title/tt0057012/,"https://m.media-amazon.com/images/M/MV5BZWI3ZTMxNjctMjdlNS00NmUwLWFiM2YtZDUyY2I3N2MxYTE0XkEyXkFqcGdeQXVyNzkwMjQ5NzM@._V1_UX45_CR0,0,45,67_AL_.jpg"
(2012),"Christopher Nolan (dir.), Christian Bale, Tom Hardy",https://www.imdb.com/title/tt1345836/,"https://m.media-amazon.com/images/M/MV5BMTk4ODQzNDY3Ml5BMl5BanBnXkFtZTcwODA0NTM4Nw@@._V1_UY67_CR0,0,45,67_AL_.jpg"
(2003),"Park Chan-wook (dir.), Choi Min-sik, Yoo Ji-tae",https://www.imdb.com/title/tt0364569/,"https://m.media-amazon.com/images/M/MV5BMTI3NTQyMzU5M15BMl5BanBnXkFtZTcwMTM2MjgyMQ@@._V1_UY67_CR0,0,45,67_AL_.jpg"
(1984),"Milos Forman (dir.), F. Murray Abraham, Tom Hulce",https://www.imdb.com/title/tt0086879/,"https://m.media-amazon.com/images/M/MV5BNWJlNzUzNGMtYTAwMS00ZjI2LWFmNWQtODcxNWUxODA5YmU1XkEyXkFqcGdeQXVyNTIzOTk5ODM@._V1_UX45_CR0,0,45,67_AL_.jpg"
(2019),"Todd Phillips (dir.), Joaquin Phoenix, Robert De Niro",https://www.imdb.com/title/tt7286456/,"https://m.media-amazon.com/images/M/MV5BNGVjNWI4ZGUtNzE0MS00YTJmLWE0ZDctN2ZiYTk2YmI3NTYyXkEyXkFqcGdeQXVyMTkxNjUyNQ@@._V1_UY67_CR0,0,45,67_AL_.jpg"
(2009),"Quentin Tarantino (dir.), Brad Pitt, Diane Kruger",https://www.imdb.com/title/tt0361748/,"https://m.media-amazon.com/images/M/MV5BOTJiNDEzOWYtMTVjOC00ZjlmLWE0NGMtZmE1OWVmZDQ2OWJhXkEyXkFqcGdeQXVyNTIzOTk5ODM@._V1_UY67_CR0,0,45,67_AL_.jpg"
(2017),"Lee Unkrich (dir.), Anthony Gonzalez, Gael García Bernal",https://www.imdb.com/title/tt2380307/,"https://m.media-amazon.com/images/M/MV5BYjQ5NjM0Y2YtNjZkNC00ZDhkLWJjMWItN2QyNzFkMDE3ZjAxXkEyXkFqcGdeQXVyODIxMzk5NjA@._V1_UY67_CR1,0,45,67_AL_.jpg"
(1995),"John Lasseter (dir.), Tom Hanks, Tim Allen",https://www.imdb.com/title/tt0114709/,"https://m.media-amazon.com/images/M/MV5BMDU2ZWJlMjktMTRhMy00ZTA5LWEzNDgtYmNmZTEwZTViZWJkXkEyXkFqcGdeQXVyNDQ2OTk4MzI@._V1_UX45_CR0,0,45,67_AL_.jpg"
(1995),"Mel Gibson (dir.), Mel Gibson, Sophie Marceau",https://www.imdb.com/title/tt0112573/,"https://m.media-amazon.com/images/M/MV5BMzkzMmU0YTYtOWM3My00YzBmLWI0YzctOGYyNTkwMWE5MTJkXkEyXkFqcGdeQXVyNzkwMjQ5NzM@._V1_UY67_CR0,0,45,67_AL_.jpg"
(1981),"Wolfgang Petersen (dir.), Jürgen Prochnow, Herbert Grönemeyer",https://www.imdb.com/title/tt0082096/,"https://m.media-amazon.com/images/M/MV5BNDBjMWUxNTUtNjZiNi00YzJhLTgzNzUtMTRiY2FkZmMzYTNjXkEyXkFqcGdeQXVyMTUzMDUzNTI3._V1_UX45_CR0,0,45,67_AL_.jpg"
(2019),"Anthony Russo (dir.), Robert Downey Jr., Chris Evans",https://www.imdb.com/title/tt4154796/,"https://m.media-amazon.com/images/M/MV5BMTc5MDE2ODcwNV5BMl5BanBnXkFtZTgwMzI2NzQ2NzM@._V1_UY67_CR0,0,45,67_AL_.jpg"
(1997),"Hayao Miyazaki (dir.), Yôji Matsuda, Yuriko Ishida",https://www.imdb.com/title/tt0119698/,"https://m.media-amazon.com/images/M/MV5BNGIzY2IzODQtNThmMi00ZDE4LWI5YzAtNzNlZTM1ZjYyYjUyXkEyXkFqcGdeQXVyODEzNjM5OTQ@._V1_UX45_CR0,0,45,67_AL_.jpg"
(1984),"Sergio Leone (dir.), Robert De Niro, James Woods",https://www.imdb.com/title/tt0087843/,"https://m.media-amazon.com/images/M/MV5BMGFkNWI4MTMtNGQ0OC00MWVmLTk3MTktOGYxN2Y2YWVkZWE2XkEyXkFqcGdeQXVyNjU0OTQ0OTY@._V1_UX45_CR0,0,45,67_AL_.jpg"
(1997),"Gus Van Sant (dir.), Robin Williams, Matt Damon",https://www.imdb.com/title/tt0119217/,"https://m.media-amazon.com/images/M/MV5BOTI0MzcxMTYtZDVkMy00NjY1LTgyMTYtZmUxN2M3NmQ2NWJhXkEyXkFqcGdeQXVyMTQxNzMzNDI@._V1_UX45_CR0,0,45,67_AL_.jpg"
(2022),"Joseph Kosinski (dir.), Tom Cruise, Jennifer Connelly",https://www.imdb.com/title/tt1745960/,"https://m.media-amazon.com/images/M/MV5BZWYzOGEwNTgtNWU3NS00ZTQ0LWJkODUtMmVhMjIwMjA1ZmQwXkEyXkFqcGdeQXVyMjkwOTAyMDU@._V1_UY67_CR0,0,45,67_AL_.jpg"
(2016),"Makoto Shinkai (dir.), Ryûnosuke Kamiki, Mone Kamishiraishi",https://www.imdb.com/title/tt5311514/,"https://m.media-amazon.com/images/M/MV5BODRmZDVmNzUtZDA4ZC00NjhkLWI2M2UtN2M0ZDIzNDcxYThjL2ltYWdlXkEyXkFqcGdeQXVyNTk0MzMzODA@._V1_UY67_CR0,0,45,67_AL_.jpg"
(2000),"Darren Aronofsky (dir.), Ellen Burstyn, Jared Leto",https://www.imdb.com/title/tt0180093/,"https://m.media-amazon.com/images/M/MV5BOTdiNzJlOWUtNWMwNS00NmFlLWI0YTEtZmI3YjIzZWUyY2Y3XkEyXkFqcGdeQXVyNjU0OTQ0OTY@._V1_UX45_CR0,0,45,67_AL_.jpg"
(1952),"Stanley Donen (dir.), Gene Kelly, Donald O'Connor",https://www.imdb.com/title/tt0045152/,"https://m.media-amazon.com/images/M/MV5BZDRjNGViMjQtOThlMi00MTA3LThkYzQtNzJkYjBkMGE0YzE1XkEyXkFqcGdeQXVyNDYyMDk5MTU@._V1_UY67_CR0,0,45,67_AL_.jpg"
(2009),"Rajkumar Hirani (dir.), Aamir Khan, Madhavan",https://www.imdb.com/title/tt1187043/,"https://m.media-amazon.com/images/M/MV5BNTkyOGVjMGEtNmQzZi00NzFlLTlhOWQtODYyMDc2ZGJmYzFhXkEyXkFqcGdeQXVyNjU0OTQ0OTY@._V1_UY67_CR1,0,45,67_AL_.jpg"
(2010),"Lee Unkrich (dir.), Tom Hanks, Tim Allen",https://www.imdb.com/title/tt0435761/,"https://m.media-amazon.com/images/M/MV5BMTgxOTY4Mjc0MF5BMl5BanBnXkFtZTcwNTA4MDQyMw@@._V1_UY67_CR1,0,45,67_AL_.jpg"
(1963),"Akira Kurosawa (dir.), Toshirô Mifune, Yutaka Sada",https://www.imdb.com/title/tt0057565/,"https://m.media-amazon.com/images/M/MV5BZGQ1NWZlYjctNDJmOS00MmU2LTg1ODItNmZiM2ZkNzJhNDI0XkEyXkFqcGdeQXVyNjc1NTYyMjg@._V1_UY67_CR1,0,45,67_AL_.jpg"
(1983),"Richard Marquand (dir.), Mark Hamill, Harrison Ford",https://www.imdb.com/title/tt0086190/,"https://m.media-amazon.com/images/M/MV5BOWZlMjFiYzgtMTUzNC00Y2IzLTk1NTMtZmNhMTczNTk0ODk1XkEyXkFqcGdeQXVyNTAyODkwOQ@@._V1_UX45_CR0,0,45,67_AL_.jpg"
(2018),"Nadine Labaki (dir.), Zain Al Rafeea, Yordanos Shiferaw",https://www.imdb.com/title/tt8267604/,"https://m.media-amazon.com/images/M/MV5BY2Y3OWNkMTctYzNjYS00NWVkLTg4OWEtY2YxN2I3NDhlYzE0XkEyXkFqcGdeQXVyMTI3ODAyMzE2._V1_UY67_CR1,0,45,67_AL_.jpg"
(2004),"Michel Gondry (dir.), Jim Carrey, Kate Winslet",https://www.imdb.com/title/tt0338013/,"https://m.media-amazon.com/images/M/MV5BMTY4NzcwODg3Nl5BMl5BanBnXkFtZTcwNTEwOTMyMw@@._V1_UY67_CR0,0,45,67_AL_.jpg"
(1968),"Stanley Kubrick (dir.), Keir Dullea, Gary Lockwood",https://www.imdb.com/title/tt0062622/,"https://m.media-amazon.com/images/M/MV5BMmNlYzRiNDctZWNhMi00MzI4LThkZTctMTUzMmZkMmFmNThmXkEyXkFqcGdeQXVyNzkwMjQ5NzM@._V1_UY67_CR0,0,45,67_AL_.jpg"
(1992),"Quentin Tarantino (dir.), Harvey Keitel, Tim Roth",https://www.imdb.com/title/tt0105236/,"https://m.media-amazon.com/images/M/MV5BZmExNmEwYWItYmQzOS00YjA5LTk2MjktZjEyZDE1Y2QxNjA1XkEyXkFqcGdeQXVyMTQxNzMzNDI@._V1_UX45_CR0,0,45,67_AL_.jpg"
(2012),"Thomas Vinterberg (dir.), Mads Mikkelsen, Thomas Bo Larsen",https://www.imdb.com/title/tt2106476/,"https://m.media-amazon.com/images/M/MV5BMTg2NDg3ODg4NF5BMl5BanBnXkFtZTcwNzk3NTc3Nw@@._V1_UY67_CR1,0,45,67_AL_.jpg"
(1985),"Elem Klimov (dir.), Aleksey Kravchenko, Olga Mironova",https://www.imdb.com/title/tt0091251/,"https://m.media-amazon.com/images/M/MV5BNzU3OTI1MjItYTJiZC00NDI0LWFlNGYtOTQ1OTVhNDgwM2U3XkEyXkFqcGdeQXVyNTc2MDU0NDE@._V1_UY67_CR0,0,45,67_AL_.jpg"
(1941),"Orson Welles (dir.), Orson Welles, Joseph Cotten",https://www.imdb.com/title/tt0033467/,"https://m.media-amazon.com/images/M/MV5BYjBiOTYxZWItMzdiZi00NjlkLWIzZTYtYmFhZjhiMTljOTdkXkEyXkFqcGdeQXVyNzkwMjQ5NzM@._V1_UX45_CR0,0,45,67_AL_.jpg"
(1931),"Fritz Lang (dir.), Peter Lorre, Ellen Widmann",https://www.imdb.com/title/tt0022100/,"https://m.media-amazon.com/images/M/MV5BODA4ODk3OTEzMF5BMl5BanBnXkFtZTgwMTQ2ODMwMzE@._V1_UX45_CR0,0,45,67_AL_.jpg"
(1962),"David Lean (dir.), Peter O'Toole, Alec Guinness",https://www.imdb.com/title/tt0056172/,"https://m.media-amazon.com/images/M/MV5BYWY5ZjhjNGYtZmI2Ny00ODM0LWFkNzgtZmI1YzA2N2MxMzA0XkEyXkFqcGdeQXVyNjUwNzk3NDc@._V1_UY67_CR0,0,45,67_AL_.jpg"
(1959),"Alfred Hitchcock (dir.), Cary Grant, Eva Marie Saint",https://www.imdb.com/title/tt0053125/,"https://m.media-amazon.com/images/M/MV5BZDA3NDExMTUtMDlhOC00MmQ5LWExZGUtYmI1NGVlZWI4OWNiXkEyXkFqcGdeQXVyNjc1NTYyMjg@._V1_UX45_CR0,0,45,67_AL_.jpg"
(1958),"Alfred Hitchcock (dir.), James Stewart, Kim Novak",https://www.imdb.com/title/tt0052357/,"https://m.media-amazon.com/images/M/MV5BYTE4ODEwZDUtNDFjOC00NjAxLWEzYTQtYTI1NGVmZmFlNjdiL2ltYWdlL2ltYWdlXkEyXkFqcGdeQXVyNjc1NTYyMjg@._V1_UX45_CR0,0,45,67_AL_.jpg"
(2001),"Jean-Pierre Jeunet (dir.), Audrey Tautou, Mathieu Kassovitz",https://www.imdb.com/title/tt0211915/,"https://m.media-amazon.com/images/M/MV5BNDg4NjM1YjMtYmNhZC00MjM0LWFiZmYtNGY1YjA3MzZmODc5XkEyXkFqcGdeQXVyNDk3NzU2MTQ@._V1_UX45_CR0,0,45,67_AL_.jpg"
(1971),"Stanley Kubrick (dir.), Malcolm McDowell, Patrick Magee",https://www.imdb.com/title/tt0066921/,"https://m.media-amazon.com/images/M/MV5BMTY3MjM1Mzc4N15BMl5BanBnXkFtZTgwODM0NzAxMDE@._V1_UY67_CR0,0,45,67_AL_.jpg"
(1960),"Billy Wilder (dir.), Jack Lemmon, Shirley MacLaine",https://www.imdb.com/title/tt0053604/,"https://m.media-amazon.com/images/M/MV5BNzkwODFjNzItMmMwNi00MTU5LWE2MzktM2M4ZDczZGM1MmViXkEyXkFqcGdeQXVyNDY2MTk1ODk@._V1_UX45_CR0,0,45,67_AL_.jpg"
(1952),"Akira Kurosawa (dir.), Takashi Shimura, Nobuo Kaneko",https://www.imdb.com/title/tt0044741/,"https://m.media-amazon.com/images/M/MV5BZTcyYmQ2NDMtNWI1NS00MTNiLTk0NDctNWMwNWExYTNlYzk3XkEyXkFqcGdeQXVyMTA0MTM5NjI2._V1_UX45_CR0,0,45,67_AL_.jpg"
(1944),"Billy Wilder (dir.), Fred MacMurray, Barbara Stanwyck",https://www.imdb.com/title/tt0036775/,"https://m.media-amazon.com/images/M/MV5BOTdlNjgyZGUtOTczYi00MDdhLTljZmMtYTEwZmRiOWFkYjRhXkEyXkFqcGdeQXVyNDY2MTk1ODk@._V1_UX45_CR0,0,45,67_AL_.jpg"
(1987),"Stanley Kubrick (dir.), Matthew Modine, R. Lee Ermey",https://www.imdb.com/title/tt0093058/,"https://m.media-amazon.com/images/M/MV5BNzkxODk0NjEtYjc4Mi00ZDI0LTgyYjEtYzc1NDkxY2YzYTgyXkEyXkFqcGdeQXVyNzkwMjQ5NzM@._V1_UX45_CR0,0,45,67_AL_.jpg"
(1983),"Brian De Palma (dir.), Al Pacino, Michelle Pfeiffer",https://www.imdb.com/title/tt0086250/,"https://m.media-amazon.com/images/M/MV5BNjdjNGQ4NDEtNTEwYS00MTgxLTliYzQtYzE2ZDRiZjFhZmNlXkEyXkFqcGdeQXVyNjU0OTQ0OTY@._V1_UX45_CR0,0,45,67_AL_.jpg"
(2020),"Thomas Kail (dir.), Lin-Manuel Miranda, Phillipa Soo",https://www.imdb.com/title/tt8503618/,"https://m.media-amazon.com/images/M/MV5BNjViNWRjYWEtZTI0NC00N2E3LTk0NGQtMjY4NTM3OGNkZjY0XkEyXkFqcGdeQXVyMjUxMTY3ODM@._V1_UY67_CR0,0,45,67_AL_.jpg"
(1973),"George Roy Hill (dir.), Paul Newman, Robert Redford",https://www.imdb.com/title/tt0070735/,"https://m.media-amazon.com/images/M/MV5BNGU3NjQ4YTMtZGJjOS00YTQ3LThmNmItMTI5MDE2ODI3NzY3XkEyXkFqcGdeQXVyMjUzOTY1NTc@._V1_UX45_CR0,0,45,67_AL_.jpg"
(1962),"Robert Mulligan (dir.), Gregory Peck, John Megna",https://www.imdb.com/title/tt0056592/,"https://m.media-amazon.com/images/M/MV5BNmVmYzcwNzMtMWM1NS00MWIyLThlMDEtYzUwZDgzODE1NmE2XkEyXkFqcGdeQXVyNzkwMjQ5NzM@._V1_UX45_CR0,0,45,67_AL_.jpg"
(2010),"Denis Villeneuve (dir.), Lubna Azabal, Mélissa Désormeaux-Poulin",https://www.imdb.com/title/tt1255953/,"https://m.media-amazon.com/images/M/MV5BMWE3MGYzZjktY2Q5Mi00Y2NiLWIyYWUtMmIyNzA3YmZlMGFhXkEyXkFqcGdeQXVyMTMxODk2OTU@._V1_UX45_CR0,0,45,67_AL_.jpg"
(2009),"Pete Docter (dir.), Edward Asner, Jordan Nagai",https://www.imdb.com/title/tt1049413/,"https://m.media-amazon.com/images/M/MV5BMTk3NDE2NzI4NF5BMl5BanBnXkFtZTgwNzE1MzEyMTE@._V1_UX45_CR0,0,45,67_AL_.jpg"
(1995),"Michael Mann (dir.), Al Pacino, Robert De Niro",https://www.imdb.com/title/tt0113277/,"https://m.media-amazon.com/images/M/MV5BYjZjNTJlZGUtZTE1Ny00ZDc4LTgwYjUtMzk0NDgwYzZjYTk1XkEyXkFqcGdeQXVyNjU0OTQ0OTY@._V1_UY67_CR1,0,45,67_AL_.jpg"
(1976),"Martin Scorsese (dir.), Robert De Niro, Jodie Foster",https://www.imdb.com/title/tt0075314/,"https://m.media-amazon.com/images/M/MV5BM2M1MmVhNDgtNmI0YS00ZDNmLTkyNjctNTJiYTQ2N2NmYzc2XkEyXkFqcGdeQXVyNzkwMjQ5NzM@._V1_UX45_CR0,0,45,67_AL_.jpg"
(2011),"Asghar Farhadi (dir.), Payman Maadi, Leila Hatami",https://www.imdb.com/title/tt1832382/,"https://m.media-amazon.com/images/M/MV5BN2JmMjViMjMtZTM5Mi00ZGZkLTk5YzctZDg5MjFjZDE4NjNkXkEyXkFqcGdeQXVyMTMxODk2OTU@._V1_UY67_CR0,0,45,67_AL_.jpg"
(1927),"Fritz Lang (dir.), Brigitte Helm, Alfred Abel",https://www.imdb.com/title/tt0017136/,"https://m.media-amazon.com/images/M/MV5BMTg5YWIyMWUtZDY5My00Zjc1LTljOTctYmI0MWRmY2M2NmRkXkEyXkFqcGdeQXVyMTMxODk2OTU@._V1_UY67_CR0,0,45,67_AL_.jpg"
(1997),"Curtis Hanson (dir.), Kevin Spacey, Russell Crowe",https://www.imdb.com/title/tt0119488/,"https://m.media-amazon.com/images/M/MV5BMDQ2YzEyZGItYWRhOS00MjBmLTkzMDUtMTdjYzkyMmQxZTJlXkEyXkFqcGdeQXVyNjU0OTQ0OTY@._V1_UY67_CR0,0,45,67_AL_.jpg"
(2000),"Guy Ritchie (dir.), Jason Statham, Brad Pitt",https://www.imdb.com/title/tt0208092/,"https://m.media-amazon.com/images/M/MV5BMTA2NDYxOGYtYjU1Mi00Y2QzLTgxMTQtMWI1MGI0ZGQ5MmU4XkEyXkFqcGdeQXVyNDk3NzU2MTQ@._V1_UY67_CR0,0,45,67_AL_.jpg"
(1988),"John McTiernan (dir.), Bruce Willis, Alan Rickman",https://www.imdb.com/title/tt0095016/,"https://m.media-amazon.com/images/M/MV5BZjRlNDUxZjAtOGQ4OC00OTNlLTgxNmQtYTBmMDgwZmNmNjkxXkEyXkFqcGdeQXVyNzkwMjQ5NzM@._V1_UX45_CR0,0,45,67_AL_.jpg"
(1948),"Vittorio De Sica (dir.), Lamberto Maggiorani, Enzo Staiola",https://www.imdb.com/title/tt0040522/,"https://m.media-amazon.com/images/M/MV5BNmI1ODdjODctMDlmMC00ZWViLWI5MzYtYzRhNDdjYmM3MzFjXkEyXkFqcGdeQXVyMTMxODk2OTU@._V1_UY67_CR0,0,45,67_AL_.jpg"
(1989),"Steven Spielberg (dir.), Harrison Ford, Sean Connery",https://www.imdb.com/title/tt0097576/,"https://m.media-amazon.com/images/M/MV5BY2Q0ODg4ZmItNDZiYi00ZWY5LTg2NzctNmYwZjA5OThmNzE1XkEyXkFqcGdeQXVyMjM4MzQ4OTQ@._V1_UY67_CR0,0,45,67_AL_.jpg"
(2019),"Sam Mendes (dir.), Dean-Charles Chapman, George MacKay",https://www.imdb.com/title/tt8579674/,"https://m.media-amazon.com/images/M/MV5BOTdmNTFjNDEtNzg0My00ZjkxLTg1ZDAtZTdkMDc2ZmFiNWQ1XkEyXkFqcGdeQXVyNTAzNzgwNTg@._V1_UX45_CR0,0,45,67_AL_.jpg"
(2007),"Aamir Khan (dir.), Darsheel Safary, Aamir Khan",https://www.imdb.com/title/tt0986264/,"https://m.media-amazon.com/images/M/MV5BMDhjZWViN2MtNzgxOS00NmI4LThiZDQtZDI3MzM4MDE4NTc0XkEyXkFqcGdeQXVyMTMxODk2OTU@._V1_UY67_CR1,0,45,67_AL_.jpg"
(2004),"Oliver Hirschbiegel (dir.), Bruno Ganz, Alexandra Maria Lara",https://www.imdb.com/title/tt0363163/,"https://m.media-amazon.com/images/M/MV5BMTU0NTU5NTAyMl5BMl5BanBnXkFtZTYwNzYwMDg2._V1_UY67_CR0,0,45,67_AL_.jpg"
(1965),"Sergio Leone (dir.), Clint Eastwood, Lee Van Cleef",https://www.imdb.com/title/tt0059578/,"https://m.media-amazon.com/images/M/MV5BMzJlZTNkYjQtMTE1OS00YTJlLTgxNjItYzg4NTllODdkMzBiXkEyXkFqcGdeQXVyMjUzOTY1NTc@._V1_UX45_CR0,0,45,67_AL_.jpg"
(2016),"Nitesh Tiwari (dir.), Aamir Khan, Sakshi Tanwar",https://www.imdb.com/title/tt5074352/,"https://m.media-amazon.com/images/M/MV5BMTQ4MzQzMzM2Nl5BMl5BanBnXkFtZTgwMTQ1NzU3MDI@._V1_UY67_CR1,0,45,67_AL_.jpg"
(2005),"Christopher Nolan (dir.), Christian Bale, Michael Caine",https://www.imdb.com/title/tt0372784/,"https://m.media-amazon.com/images/M/MV5BOTY4YjI2N2MtYmFlMC00ZjcyLTg3YjEtMDQyM2ZjYzQ5YWFkXkEyXkFqcGdeQXVyMTQxNzMzNDI@._V1_UY67_CR0,0,45,67_AL_.jpg"
(1921),"Charles Chaplin (dir.), Charles Chaplin, Edna Purviance",https://www.imdb.com/title/tt0012349/,"https://m.media-amazon.com/images/M/MV5BZjhhMThhNDItNTY2MC00MmU1LTliNDEtNDdhZjdlNTY5ZDQ1XkEyXkFqcGdeQXVyNjc1NTYyMjg@._V1_UX45_CR0,0,45,67_AL_.jpg"
(1959),"Billy Wilder (dir.), Marilyn Monroe, Tony Curtis",https://www.imdb.com/title/tt0053291/,"https://m.media-amazon.com/images/M/MV5BNzAyOGIxYjAtMGY2NC00ZTgyLWIwMWEtYzY0OWQ4NDFjOTc5XkEyXkFqcGdeQXVyNjU0OTQ0OTY@._V1_UX45_CR0,0,45,67_AL_.jpg"
(2020),"Florian Zeller (dir.), Anthony Hopkins, Olivia Colman",https://www.imdb.com/title/tt10272386/,"https://m.media-amazon.com/images/M/MV5BZGJhNWRiOWQtMjI4OS00ZjcxLTgwMTAtMzQ2ODkxY2JkOTVlXkEyXkFqcGdeQXVyMTkxNjUyNQ@@._V1_UY67_CR0,0,45,67_AL_.jpg"
(1950),"Joseph L. Mankiewicz (dir.), Bette Davis, Anne Baxter",https://www.imdb.com/title/tt0042192/,"https://m.media-amazon.com/images/M/MV5BMTY2MTAzODI5NV5BMl5BanBnXkFtZTgwMjM4NzQ0MjE@._V1_UX45_CR0,0,45,67_AL_.jpg"
(2018),"Peter Farrelly (dir.), Viggo Mortensen, Mahershala Ali",https://www.imdb.com/title/tt6966692/,"https://m.media-amazon.com/images/M/MV5BYzIzYmJlYTYtNGNiYy00N2EwLTk4ZjItMGYyZTJiOTVkM2RlXkEyXkFqcGdeQXVyODY1NDk1NjE@._V1_UX45_CR0,0,45,67_AL_.jpg"
(2013),"Martin Scorsese (dir.), Leonardo DiCaprio, Jonah Hill",https://www.imdb.com/title/tt0993846/,"https://m.media-amazon.com/images/M/MV5BMjIxMjgxNTk0MF5BMl5BanBnXkFtZTgwNjIyOTg2MDE@._V1_UY67_CR0,0,45,67_AL_.jpg"
(1961),"Stanley Kramer (dir.), Spencer Tracy, Burt Lancaster",https://www.imdb.com/title/tt0055031/,"https://m.media-amazon.com/images/M/MV5BNDc2ODQ5NTE2MV5BMl5BanBnXkFtZTcwODExMjUyNA@@._V1_UX45_CR0,0,45,67_AL_.jpg"
(1985),"Akira Kurosawa (dir.), Tatsuya Nakadai, Akira Terao",https://www.imdb.com/title/tt0089881/,"https://m.media-amazon.com/images/M/MV5BMmU1NGYwZWYtOWExNi00ZTEyLTgwMmUtM2ZlMDVjNWM4YjVlXkEyXkFqcGdeQXVyMjUzOTY1NTc@._V1_UX45_CR0,0,45,67_AL_.jpg"
(1995),"Martin Scorsese (dir.), Robert De Niro, Sharon Stone",https://www.imdb.com/title/tt0112641/,"https://m.media-amazon.com/images/M/MV5BMTcxOWYzNDYtYmM4YS00N2NkLTk0NTAtNjg1ODgwZjAxYzI3XkEyXkFqcGdeQXVyNTA4NzY1MzY@._V1_UX45_CR0,0,45,67_AL_.jpg"
(2006),"Guillermo del Toro (dir.), Ivana Baquero, Ariadna Gil",https://www.imdb.com/title/tt0457430/,"https://m.media-amazon.com/images/M/MV5BYzFjMThiMGItOWRlMC00MDI4LThmOGUtYTNlZGZiYWI1YjMyXkEyXkFqcGdeQXVyMjUzOTY1NTc@._V1_UX45_CR0,0,45,67_AL_.jpg"
(1992),"Clint Eastwood (dir.), Clint Eastwood, Gene Hackman",https://www.imdb.com/title/tt0105695/,"https://m.media-amazon.com/images/M/MV5BODM3YWY4NmQtN2Y3Ni00OTg0LWFhZGQtZWE3ZWY4MTJlOWU4XkEyXkFqcGdeQXVyNjU0OTQ0OTY@._V1_UX45_CR0,0,45,67_AL_.jpg"
(2007),"Paul Thomas Anderson (dir.), Daniel Day-Lewis, Paul Dano",https://www.imdb.com/title/tt0469494/,"https://m.media-amazon.com/images/M/MV5BMjAxODQ4MDU5NV5BMl5BanBnXkFtZTcwMDU4MjU1MQ@@._V1_UY67_CR0,0,45,67_AL_.jpg"
(1998),"Peter Weir (dir.), Jim Carrey, Ed Harris",https://www.imdb.com/title/tt0120382/,"https://m.media-amazon.com/images/M/MV5BMDIzODcyY2EtMmY2MC00ZWVlLTgwMzAtMjQwOWUyNmJjNTYyXkEyXkFqcGdeQXVyNDk3NzU2MTQ@._V1_UY67_CR0,0,45,67_AL_.jpg"
(1999),"M. Night Shyamalan (dir.), Bruce Willis, Haley Joel Osment",https://www.imdb.com/title/tt0167404/,"https://m.media-amazon.com/images/M/MV5BMWM4NTFhYjctNzUyNi00NGMwLTk3NTYtMDIyNTZmMzRlYmQyXkEyXkFqcGdeQXVyMTAwMzUyOTc@._V1_UY67_CR0,0,45,67_AL_.jpg"
(2001),"Ron Howard (dir.), Russell Crowe, Ed Harris",https://www.imdb.com/title/tt0268978/,"https://m.media-amazon.com/images/M/MV5BMzcwYWFkYzktZjAzNC00OGY1LWI4YTgtNzc5MzVjMDVmNjY0XkEyXkFqcGdeQXVyMTQxNzMzNDI@._V1_UY67_CR0,0,45,67_AL_.jpg"
(2021),"Jon Watts (dir.), Tom Holland, Zendaya",https://www.imdb.com/title/tt10872600/,"https://m.media-amazon.com/images/M/MV5BZWMyYzFjYTYtNTRjYi00OGExLWE2YzgtOGRmYjAxZTU3NzBiXkEyXkFqcGdeQXVyMzQ0MzA0NTM@._V1_UY67_CR0,0,45,67_AL_.jpg"
(1961),"Akira Kurosawa (dir.), Toshirô Mifune, Eijirô Tôno",https://www.imdb.com/title/tt0055630/,"https://m.media-amazon.com/images/M/MV5BZThiZjAzZjgtNDU3MC00YThhLThjYWUtZGRkYjc2ZWZlOTVjXkEyXkFqcGdeQXVyNTA4NzY1MzY@._V1_UX45_CR0,0,45,67_AL_.jpg"
(2010),"Martin Scorsese (dir.), Leonardo DiCaprio, Emily Mortimer",https://www.imdb.com/title/tt1130884/,"https://m.media-amazon.com/images/M/MV5BYzhiNDkyNzktNTZmYS00ZTBkLTk2MDAtM2U0YjU1MzgxZjgzXkEyXkFqcGdeQXVyMTMxODk2OTU@._V1_UY67_CR0,0,45,67_AL_.jpg"
(1975),"Terry Gilliam (dir.), Graham Chapman, John Cleese",https://www.imdb.com/title/tt0071853/,"https://m.media-amazon.com/images/M/MV5BN2IyNTE4YzUtZWU0Mi00MGIwLTgyMmQtMzQ4YzQxYWNlYWE2XkEyXkFqcGdeQXVyNjU0OTQ0OTY@._V1_UX45_CR0,0,45,67_AL_.jpg"
(1948),"John Huston (dir.), Humphrey Bogart, Walter Huston",https://www.imdb.com/title/tt0040897/,"https://m.media-amazon.com/images/M/MV5BOTJlZWMxYzEtMjlkMS00ODE0LThlM2ItMDI3NGQ2YjhmMzkxXkEyXkFqcGdeQXVyMDI2NDg0NQ@@._V1_UX45_CR0,0,45,67_AL_.jpg"
(1993),"Steven Spielberg (dir.), Sam Neill, Laura Dern",https://www.imdb.com/title/tt0107290/,"https://m.media-amazon.com/images/M/MV5BMjM2MDgxMDg0Nl5BMl5BanBnXkFtZTgwNTM2OTM5NDE@._V1_UX45_CR0,0,45,67_AL_.jpg"
(1963),"John Sturges (dir.), Steve McQueen, James Garner",https://www.imdb.com/title/tt0057115/,"https://m.media-amazon.com/images/M/MV5BNzA2NmYxMWUtNzBlMC00MWM2LTkwNmQtYTFlZjQwODNhOWE0XkEyXkFqcGdeQXVyNTIzOTk5ODM@._V1_UX45_CR0,0,45,67_AL_.jpg"
(1950),"Akira Kurosawa (dir.), Toshirô Mifune, Machiko Kyô",https://www.imdb.com/title/tt0042876/,"https://m.media-amazon.com/images/M/MV5BMjEzMzA4NDE2OF5BMl5BanBnXkFtZTcwNTc5MDI2NQ@@._V1_UY67_CR0,0,45,67_AL_.jpg"
(2003),"Quentin Tarantino (dir.), Uma Thurman, David Carradine",https://www.imdb.com/title/tt0266697/,"https://m.media-amazon.com/images/M/MV5BNzM3NDFhYTAtYmU5Mi00NGRmLTljYjgtMDkyODQ4MjNkMGY2XkEyXkFqcGdeQXVyNzkwMjQ5NzM@._V1_UX45_CR0,0,45,67_AL_.jpg"
(2007),"Ethan Coen (dir.), Tommy Lee Jones, Javier Bardem",https://www.imdb.com/title/tt0477348/,"https://m.media-amazon.com/images/M/MV5BMjA5Njk3MjM4OV5BMl5BanBnXkFtZTcwMTc5MTE1MQ@@._V1_UY67_CR0,0,45,67_AL_.jpg"
(2003),"Andrew Stanton (dir.), Albert Brooks, Ellen DeGeneres",https://www.imdb.com/title/tt0266543/,"https://m.media-amazon.com/images/M/MV5BZTAzNWZlNmUtZDEzYi00ZjA5LWIwYjEtZGM1NWE1MjE4YWRhXkEyXkFqcGdeQXVyNjU0OTQ0OTY@._V1_UY67_CR0,0,45,67_AL_.jpg"
(1982),"John Carpenter (dir.), Kurt Russell, Wilford Brimley",https://www.imdb.com/title/tt0084787/,"https://m.media-amazon.com/images/M/MV5BNGViZWZmM2EtNGYzZi00ZDAyLTk3ODMtNzIyZTBjN2Y1NmM1XkEyXkFqcGdeQXVyNTAyODkwOQ@@._V1_UX45_CR0,0,45,67_AL_.jpg"
(1980),"David Lynch (dir.), Anthony Hopkins, John Hurt",https://www.imdb.com/title/tt0080678/,"https://m.media-amazon.com/images/M/MV5BMDVjNjIwOGItNDE3Ny00OThjLWE0NzQtZTU3YjMzZTZjMzhkXkEyXkFqcGdeQXVyMTQxNzMzNDI@._V1_UX45_CR0,0,45,67_AL_.jpg"
(1974),"Roman Polanski (dir.), Jack Nicholson, Faye Dunaway",https://www.imdb.com/title/tt0071315/,"https://m.media-amazon.com/images/M/MV5BMjJkMDZhYzItZTFhMi00ZGI4LThlNTAtZDNlYmEwNjFkNDYzXkEyXkFqcGdeQXVyMjUzOTY1NTc@._V1_UX45_CR0,0,45,67_AL_.jpg"
(1980),"Martin Scorsese (dir.), Robert De Niro, Cathy Moriarty",https://www.imdb.com/title/tt0081398/,"https://m.media-amazon.com/images/M/MV5BYjRmODkzNDItMTNhNi00YjJlLTg0ZjAtODlhZTM0YzgzYThlXkEyXkFqcGdeQXVyNzQ1ODk3MTQ@._V1_UY67_CR0,0,45,67_AL_.jpg"
(2005),"James McTeigue (dir.), Hugo Weaving, Natalie Portman",https://www.imdb.com/title/tt0434409/,"https://m.media-amazon.com/images/M/MV5BOTI5ODc3NzExNV5BMl5BanBnXkFtZTcwNzYxNzQzMw@@._V1_UY67_CR0,0,45,67_AL_.jpg"
(1939),"Victor Fleming (dir.), Clark Gable, Vivien Leigh",https://www.imdb.com/title/tt0031381/,"https://m.media-amazon.com/images/M/MV5BYjUyZWZkM2UtMzYxYy00ZmQ3LWFmZTQtOGE2YjBkNjA3YWZlXkEyXkFqcGdeQXVyNzkwMjQ5NzM@._V1_UX45_CR0,0,45,67_AL_.jpg"
(2015),"Pete Docter (dir.), Amy Poehler, Bill Hader",https://www.imdb.com/title/tt2096673/,"https://m.media-amazon.com/images/M/MV5BOTgxMDQwMDk0OF5BMl5BanBnXkFtZTgwNjU5OTg2NDE@._V1_UY67_CR0,0,45,67_AL_.jpg"
(1998),"Guy Ritchie (dir.), Jason Flemyng, Dexter Fletcher",https://www.imdb.com/title/tt0120735/,"https://m.media-amazon.com/images/M/MV5BMTAyN2JmZmEtNjAyMy00NzYwLThmY2MtYWQ3OGNhNjExMmM4XkEyXkFqcGdeQXVyNDk3NzU2MTQ@._V1_UX45_CR0,0,45,67_AL_.jpg"
(1954),"Alfred Hitchcock (dir.), Ray Milland, Grace Kelly",https://www.imdb.com/title/tt0046912/,"https://m.media-amazon.com/images/M/MV5BOWIwODIxYWItZDI4MS00YzhhLWE3MmYtMzlhZDIwOTMzZmE5L2ltYWdlXkEyXkFqcGdeQXVyNjc1NTYyMjg@._V1_UX45_CR0,0,45,67_AL_.jpg"
(2009),"Juan José Campanella (dir.), Ricardo Darín, Soledad Villamil",https://www.imdb.com/title/tt1305806/,"https://m.media-amazon.com/images/M/MV5BY2FhZGI5M2QtZWFiZS00NjkwLWE4NWQtMzg3ZDZjNjdkYTJiXkEyXkFqcGdeQXVyMTMxODk2OTU@._V1_UY67_CR0,0,45,67_AL_.jpg"
(2004),"Hayao Miyazaki (dir.), Chieko Baishô, Takuya Kimura",https://www.imdb.com/title/tt0347149/,"https://m.media-amazon.com/images/M/MV5BMTY1OTg0MjE3MV5BMl5BanBnXkFtZTcwNTUxMTkyMQ@@._V1_UY67_CR0,0,45,67_AL_.jpg"
(1957),"David Lean (dir.), William Holden, Alec Guinness",https://www.imdb.com/title/tt0050212/,"https://m.media-amazon.com/images/M/MV5BOGY5NmNlMmQtYzRlYy00NGQ5LWFkYjYtNzExZmQyMTg0ZDA0XkEyXkFqcGdeQXVyNDIzMzcwNjc@._V1_UX45_CR0,0,45,67_AL_.jpg"
(2017),"Martin McDonagh (dir.), Frances McDormand, Woody Harrelson",https://www.imdb.com/title/tt5027774/,"https://m.media-amazon.com/images/M/MV5BMjI0ODcxNzM1N15BMl5BanBnXkFtZTgwMzIwMTEwNDI@._V1_UY67_CR0,0,45,67_AL_.jpg"
(1996),"Danny Boyle (dir.), Ewan McGregor, Ewen Bremner",https://www.imdb.com/title/tt0117951/,"https://m.media-amazon.com/images/M/MV5BMzA5Zjc3ZTMtMmU5YS00YTMwLWI4MWUtYTU0YTVmNjVmODZhXkEyXkFqcGdeQXVyNjU0OTQ0OTY@._V1_UY67_CR0,0,45,67_AL_.jpg"
(2011),"Gavin O'Connor (dir.), Tom Hardy, Nick Nolte",https://www.imdb.com/title/tt1291584/,"https://m.media-amazon.com/images/M/MV5BMTk4ODk5MTMyNV5BMl5BanBnXkFtZTcwMDMyNTg0Ng@@._V1_UX45_CR0,0,45,67_AL_.jpg"
(1996),"Joel Coen (dir.), William H. Macy, Frances McDormand",https://www.imdb.com/title/tt0116282/,"https://m.media-amazon.com/images/M/MV5BNDJiZDgyZjctYmRjMS00ZjdkLTkwMTEtNGU1NDg3NDQ0Yzk1XkEyXkFqcGdeQXVyNzkwMjQ5NzM@._V1_UY67_CR0,0,45,67_AL_.jpg"
(2008),"Clint Eastwood (dir.), Clint Eastwood, Bee Vang",https://www.imdb.com/title/tt1205489/,"https://m.media-amazon.com/images/M/MV5BMTc5NTk2OTU1Nl5BMl5BanBnXkFtZTcwMDc3NjAwMg@@._V1_UY67_CR0,0,45,67_AL_.jpg"
(2013),"Denis Villeneuve (dir.), Hugh Jackman, Jake Gyllenhaal",https://www.imdb.com/title/tt1392214/,"https://m.media-amazon.com/images/M/MV5BMTg0NTIzMjQ1NV5BMl5BanBnXkFtZTcwNDc3MzM5OQ@@._V1_UY67_CR0,0,45,67_AL_.jpg"
(1988),"Hayao Miyazaki (dir.), Hitoshi Takagi, Noriko Hidaka",https://www.imdb.com/title/tt0096283/,"https://m.media-amazon.com/images/M/MV5BYzJjMTYyMjQtZDI0My00ZjE2LTkyNGYtOTllNGQxNDMyZjE0XkEyXkFqcGdeQXVyMTMxODk2OTU@._V1_UY67_CR1,0,45,67_AL_.jpg"
(2004),"Clint Eastwood (dir.), Hilary Swank, Clint Eastwood",https://www.imdb.com/title/tt0405159/,"https://m.media-amazon.com/images/M/MV5BMTkxNzA1NDQxOV5BMl5BanBnXkFtZTcwNTkyMTIzMw@@._V1_UY67_CR0,0,45,67_AL_.jpg"
(2002),"Steven Spielberg (dir.), Leonardo DiCaprio, Tom Hanks",https://www.imdb.com/title/tt0264464/,"https://m.media-amazon.com/images/M/MV5BMTY5MzYzNjc5NV5BMl5BanBnXkFtZTYwNTUyNTc2._V1_UY67_CR0,0,45,67_AL_.jpg"
(1997),"Majid Majidi (dir.), Mohammad Amir Naji, Amir Farrokh Hashemian",https://www.imdb.com/title/tt0118849/,"https://m.media-amazon.com/images/M/MV5BZTYwZWQ4ZTQtZWU0MS00N2YwLWEzMDItZWFkZWY0MWVjODVhXkEyXkFqcGdeQXVyNjU0OTQ0OTY@._V1_UX45_CR0,0,45,67_AL_.jpg"
(1925),"Charles Chaplin (dir.), Charles Chaplin, Mack Swain",https://www.imdb.com/title/tt0015864/,"https://m.media-amazon.com/images/M/MV5BZjEyOTE4MzMtNmMzMy00Mzc3LWJlOTQtOGJiNDE0ZmJiOTU4L2ltYWdlXkEyXkFqcGdeQXVyNTAyODkwOQ@@._V1_UY67_CR2,0,45,67_AL_.jpg"
(1982),"Ridley Scott (dir.), Harrison Ford, Rutger Hauer",https://www.imdb.com/title/tt0083658/,"https://m.media-amazon.com/images/M/MV5BNzQzMzJhZTEtOWM4NS00MTdhLTg0YjgtMjM4MDRkZjUwZDBlXkEyXkFqcGdeQXVyNjU0OTQ0OTY@._V1_UY67_CR0,0,45,67_AL_.jpg"
(1954),"Elia Kazan (dir.), Marlon Brando, Karl Malden",https://www.imdb.com/title/tt0047296/,"https://m.media-amazon.com/images/M/MV5BY2I0MWFiZDMtNWQyYy00Njk5LTk3MDktZjZjNTNmZmVkYjkxXkEyXkFqcGdeQXVyNjc1NTYyMjg@._V1_UX45_CR0,0,45,67_AL_.jpg"
(1995),"Richard Linklater (dir.), Ethan Hawke, Julie Delpy",https://www.imdb.com/title/tt0112471/,"https://m.media-amazon.com/images/M/MV5BZDdiZTAwYzAtMDI3Ni00OTRjLTkzN2UtMGE3MDMyZmU4NTU4XkEyXkFqcGdeQXVyNjU0OTQ0OTY@._V1_UY67_CR0,0,45,67_AL_.jpg"
(2013),"Steve McQueen (dir.), Chiwetel Ejiofor, Michael Kenneth Williams",https://www.imdb.com/title/tt2024544/,"https://m.media-amazon.com/images/M/MV5BMjExMTEzODkyN15BMl5BanBnXkFtZTcwNTU4NTc4OQ@@._V1_UY67_CR0,0,45,67_AL_.jpg"
(2011),"David Yates (dir.), Daniel Radcliffe, Emma Watson",https://www.imdb.com/title/tt1201607/,"https://m.media-amazon.com/images/M/MV5BMGVmMWNiMDktYjQ0Mi00MWIxLTk0N2UtN2ZlYTdkN2IzNDNlXkEyXkFqcGdeQXVyODE5NzE3OTE@._V1_UX45_CR0,0,45,67_AL_.jpg"
(1959),"William Wyler (dir.), Charlton Heston, Jack Hawkins",https://www.imdb.com/title/tt0052618/,"https://m.media-amazon.com/images/M/MV5BNjgxY2JiZDYtZmMwOC00ZmJjLWJmODUtMTNmNWNmYWI5ODkwL2ltYWdlL2ltYWdlXkEyXkFqcGdeQXVyNjc1NTYyMjg@._V1_UX45_CR0,0,45,67_AL_.jpg"
(1957),"Ingmar Bergman (dir.), Victor Sjöström, Bibi Andersson",https://www.imdb.com/title/tt0050986/,"https://m.media-amazon.com/images/M/MV5BYWQxYzdhMDMtNjAyZC00NzE0LWFjYmQtYjk0YzMyYjA5NzZkXkEyXkFqcGdeQXVyMjUzOTY1NTc@._V1_UX45_CR0,0,45,67_AL_.jpg"
(1949),"Carol Reed (dir.), Orson Welles, Joseph Cotten",https://www.imdb.com/title/tt0041959/,"https://m.media-amazon.com/images/M/MV5BYjE2OTdhMWUtOGJlMy00ZDViLWIzZjgtYjZkZGZmMDZjYmEyXkEyXkFqcGdeQXVyNzkwMjQ5NzM@._V1_UX45_CR0,0,45,67_AL_.jpg"
(2014),"David Fincher (dir.), Ben Affleck, Rosamund Pike",https://www.imdb.com/title/tt2267998/,"https://m.media-amazon.com/images/M/MV5BMTk0MDQ3MzAzOV5BMl5BanBnXkFtZTgwNzU1NzE3MjE@._V1_UY67_CR0,0,45,67_AL_.jpg"
(1926),"Clyde Bruckman (dir.), Buster Keaton, Marion Mack",https://www.imdb.com/title/tt0017925/,"https://m.media-amazon.com/images/M/MV5BYmRiMDFlYjYtOTMwYy00OGY2LWE0Y2QtYzQxOGNhZmUwNTIxXkEyXkFqcGdeQXVyNzkwMjQ5NzM@._V1_UY67_CR0,0,45,67_AL_.jpg"
(2014),"Wes Anderson (dir.), Ralph Fiennes, F. Murray Abraham",https://www.imdb.com/title/tt2278388/,"https://m.media-amazon.com/images/M/MV5BMzM5NjUxOTEyMl5BMl5BanBnXkFtZTgwNjEyMDM0MDE@._V1_UY67_CR0,0,45,67_AL_.jpg"
(1978),"Michael Cimino (dir.), Robert De Niro, Christopher Walken",https://www.imdb.com/title/tt0077416/,"https://m.media-amazon.com/images/M/MV5BNDhmNTA0ZDMtYjhkNS00NzEzLWIzYTItOGNkMTVmYjE2YmI3XkEyXkFqcGdeQXVyNzkwMjQ5NzM@._V1_UY67_CR0,0,45,67_AL_.jpg"
(1993),"Jim Sheridan (dir.), Daniel Day-Lewis, Pete Postlethwaite",https://www.imdb.com/title/tt0107207/,"https://m.media-amazon.com/images/M/MV5BMmYyOTgwYWItYmU3Ny00M2E2LTk0NWMtMDVlNmQ0MWZiMTMxXkEyXkFqcGdeQXVyNzkwMjQ5NzM@._V1_UX45_CR0,0,45,67_AL_.jpg"
(1975),"Stanley Kubrick (dir.), Ryan O'Neal, Marisa Berenson",https://www.imdb.com/title/tt0072684/,"https://m.media-amazon.com/images/M/MV5BNmY0MWY2NDctZDdmMi00MjA1LTk0ZTQtZDMyZTQ1NTNlYzVjXkEyXkFqcGdeQXVyMjUzOTY1NTc@._V1_UX45_CR0,0,45,67_AL_.jpg"
(1953),"Henri-Georges Clouzot (dir.), Yves Montand, Charles Vanel",https://www.imdb.com/title/tt0046268/,"https://m.media-amazon.com/images/M/MV5BMzE2ODNiZGItNGJiZS00MzBkLTgzZDktN2NmZGE0ZWU3N2U5L2ltYWdlL2ltYWdlXkEyXkFqcGdeQXVyMzI4Nzk0NjY@._V1_UY67_CR2,0,45,67_AL_.jpg"
(2019),"Sergio Pablos (dir.), Jason Schwartzman, J.K. Simmons",https://www.imdb.com/title/tt4729430/,"https://m.media-amazon.com/images/M/MV5BMWYwOThjM2ItZGYxNy00NTQwLWFlZWEtM2MzM2Q5MmY3NDU5XkEyXkFqcGdeQXVyMTkxNjUyNQ@@._V1_UY67_CR0,0,45,67_AL_.jpg"
(2016),"Mel Gibson (dir.), Andrew Garfield, Sam Worthington",https://www.imdb.com/title/tt2119532/,"https://m.media-amazon.com/images/M/MV5BMjQ1NjM3MTUxNV5BMl5BanBnXkFtZTgwMDc5MTY5OTE@._V1_UX45_CR0,0,45,67_AL_.jpg"
(1939),"Frank Capra (dir.), James Stewart, Jean Arthur",https://www.imdb.com/title/tt0031679/,"https://m.media-amazon.com/images/M/MV5BZTYwYjYxYzgtMDE1Ni00NzU4LWJlMTEtODQ5YmJmMGJhZjI5L2ltYWdlXkEyXkFqcGdeQXVyMDI2NDg0NQ@@._V1_UX45_CR0,0,45,67_AL_.jpg"
(1924),"Buster Keaton (dir.), Buster Keaton, Kathryn McGuire",https://www.imdb.com/title/tt0015324/,"https://m.media-amazon.com/images/M/MV5BZWFhOGU5NDctY2Q3YS00Y2VlLWI1NzEtZmIwY2ZiZjY4OTA2XkEyXkFqcGdeQXVyMDI2NDg0NQ@@._V1_UX45_CR0,0,45,67_AL_.jpg"
(2003),"Bong Joon Ho (dir.), Song Kang-ho, Kim Sang-kyung",https://www.imdb.com/title/tt0353969/,"https://m.media-amazon.com/images/M/MV5BOGViNTg4YTktYTQ2Ni00MTU0LTk2NWUtMTI4OTc1YTM0NzQ2XkEyXkFqcGdeQXVyMDM2NDM2MQ@@._V1_UY67_CR0,0,45,67_AL_.jpg"
(2014),"Damián Szifron (dir.), Darío Grandinetti, María Marull",https://www.imdb.com/title/tt3011894/,"https://m.media-amazon.com/images/M/MV5BNGQzY2Y0MTgtMDA4OC00NjM3LWI0ZGQtNTJlM2UxZDQxZjI0XkEyXkFqcGdeQXVyNDUzOTQ5MjY@._V1_UY67_CR1,0,45,67_AL_.jpg"
(1957),"Ingmar Bergman (dir.), Max von Sydow, Gunnar Björnstrand",https://www.imdb.com/title/tt0050976/,"https://m.media-amazon.com/images/M/MV5BOWM3MmE0OGYtOGVlNC00OWE1LTk5ZTAtYmUwMDIwM2ZlNWJiXkEyXkFqcGdeQXVyMjUzOTY1NTc@._V1_UY67_CR0,0,45,67_AL_.jpg"
(2015),"Lenny Abrahamson (dir.), Brie Larson, Jacob Tremblay",https://www.imdb.com/title/tt3170832/,"https://m.media-amazon.com/images/M/MV5BMjE4NzgzNzEwMl5BMl5BanBnXkFtZTgwMTMzMDE0NjE@._V1_UY67_CR0,0,45,67_AL_.jpg"
(2015),"George Miller (dir.), Tom Hardy, Charlize Theron",https://www.imdb.com/title/tt1392190/,"https://m.media-amazon.com/images/M/MV5BN2EwM2I5OWMtMGQyMi00Zjg1LWJkNTctZTdjYTA4OGUwZjMyXkEyXkFqcGdeQXVyMTMxODk2OTU@._V1_UY67_CR0,0,45,67_AL_.jpg"
(2009),"Adam Elliot (dir.), Toni Collette, Philip Seymour Hoffman",https://www.imdb.com/title/tt0978762/,"https://m.media-amazon.com/images/M/MV5BMDgzYjQwMDMtNGUzYi00MTRmLWIyMGMtNjE1OGZkNzY2YWIzL2ltYWdlXkEyXkFqcGdeQXVyNjU0OTQ0OTY@._V1_UY67_CR1,0,45,67_AL_.jpg"
(2010),"Dean DeBlois (dir.), Jay Baruchel, Gerard Butler",https://www.imdb.com/title/tt0892769/,"https://m.media-amazon.com/images/M/MV5BMjA5NDQyMjc2NF5BMl5BanBnXkFtZTcwMjg5ODcyMw@@._V1_UY67_CR0,0,45,67_AL_.jpg"
(1998),"Joel Coen (dir.), Jeff Bridges, John Goodman",https://www.imdb.com/title/tt0118715/,"https://m.media-amazon.com/images/M/MV5BMTQ0NjUzMDMyOF5BMl5BanBnXkFtZTgwODA1OTU0MDE@._V1_UX45_CR0,0,45,67_AL_.jpg"
(2001),"Pete Docter (dir.), Billy Crystal, John Goodman",https://www.imdb.com/title/tt0198781/,"https://m.media-amazon.com/images/M/MV5BMTY1NTI0ODUyOF5BMl5BanBnXkFtZTgwNTEyNjQ0MDE@._V1_UY67_CR0,0,45,67_AL_.jpg"
(1975),"Steven Spielberg (dir.), Roy Scheider, Robert Shaw",https://www.imdb.com/title/tt0073195/,"https://m.media-amazon.com/images/M/MV5BMmVmODY1MzEtYTMwZC00MzNhLWFkNDMtZjAwM2EwODUxZTA5XkEyXkFqcGdeQXVyNTAyODkwOQ@@._V1_UX45_CR0,0,45,67_AL_.jpg"
(1989),"Peter Weir (dir.), Robin Williams, Robert Sean Leonard",https://www.imdb.com/title/tt0097165/,"https://m.media-amazon.com/images/M/MV5BOGYwYWNjMzgtNGU4ZC00NWQ2LWEwZjUtMzE1Zjc3NjY3YTU1XkEyXkFqcGdeQXVyMTQxNzMzNDI@._V1_UY67_CR0,0,45,67_AL_.jpg"
(1928),"Carl Theodor Dreyer (dir.), Maria Falconetti, Eugene Silvain",https://www.imdb.com/title/tt0019254/,"https://m.media-amazon.com/images/M/MV5BNjBjNDJiYTUtOWY0OS00OGVmLTg2YzctMTE0NzVhODM1ZWJmXkEyXkFqcGdeQXVyNjU0OTQ0OTY@._V1_UX45_CR0,0,45,67_AL_.jpg"
(1953),"Yasujirô Ozu (dir.), Chishû Ryû, Chieko Higashiyama",https://www.imdb.com/title/tt0046438/,"https://m.media-amazon.com/images/M/MV5BYWQ4ZTRiODktNjAzZC00Nzg1LTk1YWQtNDFmNDI0NmZiNGIwXkEyXkFqcGdeQXVyNzkwMjQ5NzM@._V1_UY67_CR0,0,45,67_AL_.jpg"
(2004),"Terry George (dir.), Don Cheadle, Sophie Okonedo",https://www.imdb.com/title/tt0395169/,"https://m.media-amazon.com/images/M/MV5BZGJjYmIzZmQtNWE4Yy00ZGVmLWJkZGEtMzUzNmQ4ZWFlMjRhXkEyXkFqcGdeQXVyMTMxODk2OTU@._V1_UY67_CR0,0,45,67_AL_.jpg"
(2019),"James Mangold (dir.), Matt Damon, Christian Bale",https://www.imdb.com/title/tt1950186/,"https://m.media-amazon.com/images/M/MV5BM2UwMDVmMDItM2I2Yi00NGZmLTk4ZTUtY2JjNTQ3OGQ5ZjM2XkEyXkFqcGdeQXVyMTA1OTYzOTUx._V1_UY67_CR0,0,45,67_AL_.jpg"
(1976),"John G. Avildsen (dir.), Sylvester Stallone, Talia Shire",https://www.imdb.com/title/tt0075148/,"https://m.media-amazon.com/images/M/MV5BNTBkMjg2MjYtYTZjOS00ODQ0LTg0MDEtM2FiNmJmOGU1NGEwXkEyXkFqcGdeQXVyMjUzOTY1NTc@._V1_UX45_CR0,0,45,67_AL_.jpg"
(1986),"Oliver Stone (dir.), Charlie Sheen, Tom Berenger",https://www.imdb.com/title/tt0091763/,"https://m.media-amazon.com/images/M/MV5BMzRjZjdlMjQtODVkYS00N2YzLWJlYWYtMGVlN2E5MWEwMWQzXkEyXkFqcGdeQXVyMTQxNzMzNDI@._V1_UX45_CR0,0,45,67_AL_.jpg"
(1986),"Rob Reiner (dir.), Wil Wheaton, River Phoenix",https://www.imdb.com/title/tt0092005/,"https://m.media-amazon.com/images/M/MV5BODJmY2Y2OGQtMDg2My00N2Q3LWJmZTUtYTc2ODBjZDVlNDlhXkEyXkFqcGdeQXVyMTQxNzMzNDI@._V1_UX45_CR0,0,45,67_AL_.jpg"
(1984),"James Cameron (dir.), Arnold Schwarzenegger, Linda Hamilton",https://www.imdb.com/title/tt0088247/,"https://m.media-amazon.com/images/M/MV5BYTViNzMxZjEtZGEwNy00MDNiLWIzNGQtZDY2MjQ1OWViZjFmXkEyXkFqcGdeQXVyNzkwMjQ5NzM@._V1_UX45_CR0,0,45,67_AL_.jpg"
(2015),"Tom McCarthy (dir.), Mark Ruffalo, Michael Keaton",https://www.imdb.com/title/tt1895587/,"https://m.media-amazon.com/images/M/MV5BMjIyOTM5OTIzNV5BMl5BanBnXkFtZTgwMDkzODE2NjE@._V1_UY67_CR0,0,45,67_AL_.jpg"
(2017),"James Mangold (dir.), Hugh Jackman, Patrick Stewart",https://www.imdb.com/title/tt3315342/,"https://m.media-amazon.com/images/M/MV5BYzc5MTU4N2EtYTkyMi00NjdhLTg3NWEtMTY4OTEyMzJhZTAzXkEyXkFqcGdeQXVyNjc1NTYyMjg@._V1_UX45_CR0,0,45,67_AL_.jpg"
(2007),"Brad Bird (dir.), Brad Garrett, Lou Romano",https://www.imdb.com/title/tt0382932/,"https://m.media-amazon.com/images/M/MV5BMTMzODU0NTkxMF5BMl5BanBnXkFtZTcwMjQ4MzMzMw@@._V1_UY67_CR0,0,45,67_AL_.jpg"
(1955),"Satyajit Ray (dir.), Kanu Bannerjee, Karuna Bannerjee",https://www.imdb.com/title/tt0048473/,"https://m.media-amazon.com/images/M/MV5BMmFkNDY5OTktNzY3Yy00OTFlLThhNjktOTRhMmZjZmIxYjAxXkEyXkFqcGdeQXVyNTgyNTA4MjM@._V1_UX45_CR0,0,45,67_AL_.jpg"
(2013),"Ron Howard (dir.), Daniel Brühl, Chris Hemsworth",https://www.imdb.com/title/tt1979320/,"https://m.media-amazon.com/images/M/MV5BOWEwODJmZDItYTNmZC00OGM4LThlNDktOTQzZjIzMGQxODA4XkEyXkFqcGdeQXVyNjU0OTQ0OTY@._V1_UY67_CR0,0,45,67_AL_.jpg"
(1976),"Sidney Lumet (dir.), Faye Dunaway, William Holden",https://www.imdb.com/title/tt0074958/,"https://m.media-amazon.com/images/M/MV5BNzY0NjU5ODUtOTAzMC00NTU5LWJkZjctYWMyOWY2MTZmOWM1XkEyXkFqcGdeQXVyMTI3ODAyMzE2._V1_UX45_CR0,0,45,67_AL_.jpg"
(2007),"Sean Penn (dir.), Emile Hirsch, Vince Vaughn",https://www.imdb.com/title/tt0758758/,"https://m.media-amazon.com/images/M/MV5BNjQ0ODlhMWUtNmUwMS00YjExLWI4MjQtNjVmMmE2Y2E0MGRmXkEyXkFqcGdeQXVyNDk3NzU2MTQ@._V1_UY67_CR0,0,45,67_AL_.jpg"
(1939),"Victor Fleming (dir.), Judy Garland, Frank Morgan",https://www.imdb.com/title/tt0032138/,"https://m.media-amazon.com/images/M/MV5BNjUyMTc4MDExMV5BMl5BanBnXkFtZTgwNDg0NDIwMjE@._V1_UX45_CR0,0,45,67_AL_.jpg"
(2004),"Richard Linklater (dir.), Ethan Hawke, Julie Delpy",https://www.imdb.com/title/tt0381681/,"https://m.media-amazon.com/images/M/MV5BMTQ1MjAwNTM5Ml5BMl5BanBnXkFtZTYwNDM0MTc3._V1_UY67_CR0,0,45,67_AL_.jpg"
(1993),"Harold Ramis (dir.), Bill Murray, Andie MacDowell",https://www.imdb.com/title/tt0107048/,"https://m.media-amazon.com/images/M/MV5BZWIxNzM5YzQtY2FmMS00Yjc3LWI1ZjUtNGVjMjMzZTIxZTIxXkEyXkFqcGdeQXVyNjU0OTQ0OTY@._V1_UY67_CR0,0,45,67_AL_.jpg"
(1973),"William Friedkin (dir.), Ellen Burstyn, Max von Sydow",https://www.imdb.com/title/tt0070047/,"https://m.media-amazon.com/images/M/MV5BYWFlZGY2NDktY2ZjOS00ZWNkLTg0ZDAtZDY4MTM1ODU4ZjljXkEyXkFqcGdeQXVyMjUzOTY1NTc@._V1_UX45_CR0,0,45,67_AL_.jpg"
(1946),"William Wyler (dir.), Myrna Loy, Dana Andrews",https://www.imdb.com/title/tt0036868/,"https://m.media-amazon.com/images/M/MV5BY2RmNTRjYzctODI4Ni00MzQyLWEyNTAtNjU0N2JkMTNhNjJkXkEyXkFqcGdeQXVyNjU0OTQ0OTY@._V1_UX45_CR0,0,45,67_AL_.jpg"
(2004),"Brad Bird (dir.), Craig T. Nelson, Samuel L. Jackson",https://www.imdb.com/title/tt0317705/,"https://m.media-amazon.com/images/M/MV5BMTY5OTU0OTc2NV5BMl5BanBnXkFtZTcwMzU4MDcyMQ@@._V1_UY67_CR0,0,45,67_AL_.jpg"
(1966),"Gillo Pontecorvo (dir.), Brahim Hadjadj, Jean Martin",https://www.imdb.com/title/tt0058946/,"https://m.media-amazon.com/images/M/MV5BN2M4YTA4ZTEtN2EyNy00YTlmLWE4YzYtYjYyYjRkMWM4ZDM0XkEyXkFqcGdeQXVyMjUzOTY1NTc@._V1_UX45_CR0,0,45,67_AL_.jpg"
(1942),"Ernst Lubitsch (dir.), Carole Lombard, Jack Benny",https://www.imdb.com/title/tt0035446/,"https://m.media-amazon.com/images/M/MV5BMGY3ZDgzY2MtNTllNi00ZWI1LTk1NTUtNWEzN2Q4YTA1ZGZiXkEyXkFqcGdeQXVyNzI1NzMxNzM@._V1_UY67_CR0,0,45,67_AL_.jpg"
(2009),"Lasse Hallström (dir.), Richard Gere, Joan Allen",https://www.imdb.com/title/tt1028532/,"https://m.media-amazon.com/images/M/MV5BNzE4NDg5OWMtMzg3NC00ZDRjLTllMDMtZTRjNWZmNjBmMGZlXkEyXkFqcGdeQXVyMTMxODk2OTU@._V1_UY67_CR1,0,45,67_AL_.jpg"
(2003),"Gore Verbinski (dir.), Johnny Depp, Geoffrey Rush",https://www.imdb.com/title/tt0325980/,"https://m.media-amazon.com/images/M/MV5BNGYyZGM5MGMtYTY2Ni00M2Y1LWIzNjQtYWUzM2VlNGVhMDNhXkEyXkFqcGdeQXVyMTMxODk2OTU@._V1_UX45_CR0,0,45,67_AL_.jpg"
(2021),"T.J. Gnanavel (dir.), Suriya, Lijo Mol Jose",https://www.imdb.com/title/tt15097216/,"https://m.media-amazon.com/images/M/MV5BOTM0NWFjNGYtNjExMS00ZTZlLWFiYmMtZmU4ZjZkMmMxZTNjXkEyXkFqcGdeQXVyODEyNjEwMDk@._V1_UY67_CR4,0,45,67_AL_.jpg"
(1940),"John Ford (dir.), Henry Fonda, Jane Darwell",https://www.imdb.com/title/tt0032551/,"https://m.media-amazon.com/images/M/MV5BNzJiOGI2MjctYjUyMS00ZjkzLWE2ZmUtOTg4NTZkOTNhZDc1L2ltYWdlXkEyXkFqcGdeQXVyNjc1NTYyMjg@._V1_UY67_CR0,0,45,67_AL_.jpg"
(2005),"Çagan Irmak (dir.), Çetin Tekindor, Fikret Kuskan",https://www.imdb.com/title/tt0476735/,"https://m.media-amazon.com/images/M/MV5BNjAzMzEwYzctNjc1MC00Nzg5LWFmMGItMTgzYmMyNTY2OTQ4XkEyXkFqcGdeQXVyNjU0OTQ0OTY@._V1_UY67_CR0,0,45,67_AL_.jpg"
(1995),"Mathieu Kassovitz (dir.), Vincent Cassel, Hubert Koundé",https://www.imdb.com/title/tt0113247/,"https://m.media-amazon.com/images/M/MV5BOTQxOGU0OWUtMzExYy00ZjIxLWJmMzAtNTI1Y2YxYTMxN2RkXkEyXkFqcGdeQXVyMjUzOTY1NTc@._V1_UY67_CR0,0,45,67_AL_.jpg"
(2000),"Alejandro G. Iñárritu (dir.), Emilio Echevarría, Gael García Bernal",https://www.imdb.com/title/tt0245712/,"https://m.media-amazon.com/images/M/MV5BZjUxNmEwOGItMTBmYi00MWQ1LWExY2MtNDUxMjI0OWM4M2NiXkEyXkFqcGdeQXVyMjUzOTY1NTc@._V1_UX45_CR0,0,45,67_AL_.jpg"
(1940),"Alfred Hitchcock (dir.), Laurence Olivier, Joan Fontaine",https://www.imdb.com/title/tt0032976/,"https://m.media-amazon.com/images/M/MV5BYTcxYWExOTMtMWFmYy00ZjgzLWI0YjktNWEzYzJkZTg0NDdmL2ltYWdlXkEyXkFqcGdeQXVyNjc1NTYyMjg@._V1_UY67_CR1,0,45,67_AL_.jpg"
(2022),"Dan Kwan (dir.), Michelle Yeoh, Stephanie Hsu",https://www.imdb.com/title/tt6710474/,"https://m.media-amazon.com/images/M/MV5BYTdiOTIyZTQtNmQ1OS00NjZlLWIyMTgtYzk5Y2M3ZDVmMDk1XkEyXkFqcGdeQXVyMTAzMDg4NzU0._V1_UY67_CR0,0,45,67_AL_.jpg"
(1967),"Stuart Rosenberg (dir.), Paul Newman, George Kennedy",https://www.imdb.com/title/tt0061512/,"https://m.media-amazon.com/images/M/MV5BNjcwNTQ3Y2EtMjdmZi00ODBhLWFhNzQtOTc3MWU5NTZlMDViXkEyXkFqcGdeQXVyMjUzOTY1NTc@._V1_UX45_CR0,0,45,67_AL_.jpg"
(1959),"François Truffaut (dir.), Jean-Pierre Léaud, Albert Rémy",https://www.imdb.com/title/tt0053198/,"https://m.media-amazon.com/images/M/MV5BYTQ4MjA4NmYtYjRhNi00MTEwLTg0NjgtNjk3ODJlZGU4NjRkL2ltYWdlL2ltYWdlXkEyXkFqcGdeQXVyNjU0OTQ0OTY@._V1_UY67_CR2,0,45,67_AL_.jpg"
(2016),"Park Chan-wook (dir.), Kim Min-hee, Ha Jung-woo",https://www.imdb.com/title/tt4016934/,"https://m.media-amazon.com/images/M/MV5BNDJhYTk2MTctZmVmOS00OTViLTgxNjQtMzQxOTRiMDdmNGRjXkEyXkFqcGdeQXVyMTMxODk2OTU@._V1_UY67_CR1,0,45,67_AL_.jpg"
(1934),"Frank Capra (dir.), Clark Gable, Claudette Colbert",https://www.imdb.com/title/tt0025316/,"https://m.media-amazon.com/images/M/MV5BYzJmMWE5NjAtNWMyZS00NmFiLWIwMDgtZDE2NzczYWFhNzIzXkEyXkFqcGdeQXVyNjc1NTYyMjg@._V1_UX45_CR0,0,45,67_AL_.jpg"
(1965),"Robert Wise (dir.), Julie Andrews, Christopher Plummer",https://www.imdb.com/title/tt0059742/,"https://m.media-amazon.com/images/M/MV5BODIxNjhkYjEtYzUyMi00YTNjLWE1YjktNjAyY2I2MWNkNmNmL2ltYWdlL2ltYWdlXkEyXkFqcGdeQXVyMTQxNzMzNDI@._V1_UY67_CR1,0,45,67_AL_.jpg"
(1966),"Ingmar Bergman (dir.), Bibi Andersson, Liv Ullmann",https://www.imdb.com/title/tt0060827/,"https://m.media-amazon.com/images/M/MV5BYmFlOTcxMWUtZTMzMi00NWIyLTkwOTEtNjIxNmViNzc2Yzc1XkEyXkFqcGdeQXVyMjUzOTY1NTc@._V1_UX45_CR0,0,45,67_AL_.jpg"
(1979),"Terry Jones (dir.), Graham Chapman, John Cleese",https://www.imdb.com/title/tt0079470/,"https://m.media-amazon.com/images/M/MV5BMDA1ZWI4ZDItOTRlYi00OTUxLWFlNWQtMzM5NDI0YjA4ZGI2XkEyXkFqcGdeQXVyMjUzOTY1NTc@._V1_UX45_CR0,0,45,67_AL_.jpg"
(1975),"Akira Kurosawa (dir.), Maksim Munzuk, Yuriy Solomin",https://www.imdb.com/title/tt0071411/,"https://m.media-amazon.com/images/M/MV5BYWY0OWJlZTgtMWUzNy00MGJhLTk5YzQtNmY5MDEwOTIxNjMyXkEyXkFqcGdeQXVyNjc1NTYyMjg@._V1_UX45_CR0,0,45,67_AL_.jpg"
(1992),"Ron Clements (dir.), Scott Weinger, Robin Williams",https://www.imdb.com/title/tt0103639/,"https://m.media-amazon.com/images/M/MV5BY2Q2NDI1MjUtM2Q5ZS00MTFlLWJiYWEtNTZmNjQ3OGJkZDgxXkEyXkFqcGdeQXVyNTI4MjkwNjA@._V1_UY67_CR0,0,45,67_AL_.jpg"
(2011),"Tate Taylor (dir.), Viola Davis, Emma Stone",https://www.imdb.com/title/tt1454029/,"https://m.media-amazon.com/images/M/MV5BMTM5OTMyMjIxOV5BMl5BanBnXkFtZTcwNzU4MjIwNQ@@._V1_UY67_CR0,0,45,67_AL_.jpg"
(1999),"Brad Bird (dir.), Eli Marienthal, Harry Connick Jr.",https://www.imdb.com/title/tt0129167/,"https://m.media-amazon.com/images/M/MV5BYzBjZTNkMzQtZmNkOC00Yzk0LTljMjktZjk3YWVlZjY3NTk2XkEyXkFqcGdeQXVyMTUzMDUzNTI3._V1_UY67_CR0,0,45,67_AL_.jpg"
(1982),"Richard Attenborough (dir.), Ben Kingsley, John Gielgud",https://www.imdb.com/title/tt0083987/,"https://m.media-amazon.com/images/M/MV5BOGVmZGU2M2EtZTVjYy00OWU2LWI0YjEtZjQ4YjNmODhmMzhkXkEyXkFqcGdeQXVyNjk1Njg5NTA@._V1_UY67_CR0,0,45,67_AL_.jpg"
